Genome	ID	Identifier	Level
GCF_000221225.1	209285	chaetomium_globosum	Family
GCA_000315935.1	5541	aspergillus_fumigatus	Order
GCA_001599835.1	5088	aspergillus_fumigatus	Order
GCF_000091205.1	45157	galdieria	Class
GCA_026184775.1	2771	galdieria	Class
GCF_004022145.1	264951	aspergillus_fumigatus	Order
GCF_000226095.1	78579	chaetomium_globosum	Family
GCF_000968595.1	68825	aspergillus_fumigatus	Order
GCF_000226115.1	2587410	chaetomium_globosum	Family
GCF_008403515.1	5763	Naegleria_gruberi	Genus
GCA_900128795.2	5041	coccidioides_immitis	Order
GCA_002335675.1	1157962	chlamydomonas	Genus
GCF_000341285.1	130081	galdieria	Genus
GCF_000002725.2	5664	leishmania_tarentolae	Genus
GCA_000182785.1	638632	candida_albicans	Order
GCF_000002595.2	3055	chlamydomonas	Genus
GCF_000182925.2	367110	neurospora_crassa	Genus
GCF_000011425.1	162425	aspergillus_fumigatus	Genus
GCF_000002855.3	5061	aspergillus_fumigatus	Genus
GCF_000184455.2	5062	aspergillus_fumigatus	Genus
GCA_000497105.2	1406948	eremothecium_gossypii	Family
GCF_000149615.1	33178	aspergillus_fumigatus	Genus
GCF_000002545.3	5478	eremothecium_gossypii	Family
GCF_000146045.2	4932	saccharomyces_cerevisiae_rm11	Genus
GCA_010577765.1	76776	coprinus_cinereus	Phylum
GCA_022023575.1	2862414	yarrowia_lipolytica	Family
GCA_900519045.1	479095	yarrowia_lipolytica	Genus
GCA_900106115.1	45354	candida_albicans	Order
GCF_001661255.1	4927	candida_albicans	Order
GCF_000006335.3	5482	candida_albicans	Genus
GCF_000182765.1	5480	candida_albicans	Genus
GCA_024220505.1	64495	rhizopus_oryzae	Genus
GCA_009938135.1	55194	coprinus_cinereus	Phylum
GCA_019702695.1	2961	Berviolum_minutum	Class
GCA_014885115.2	33640	Cyclotella_cryptica	Phylum
GCA_021605115.1	47775	chlamydomonas	Order
GCF_000733215.1	3075	chlorella	Family
GCF_002220235.1	41875	Bathycoccus_prasinos	Genus
GCA_000320545.1	227086	generic	root
GCA_001460835.1	75058	leishmania_tarentolae	Class
GCA_002005505.1	38881	chlorella	Class
GCA_000507305.1	2499525	Berviolum_minutum	Genus
GCA_008330645.1	33653	generic	root
GCA_021927905.1	426638	Cyclotella_cryptica	Class
GCA_003427395.1	69332	arabidopsis	Phylum
GCA_001662365.1	35704	chlamydomonas	Genus
GCA_001662385.1	51683	chlamydomonas	Genus
GCA_016858145.1	47281	chlamydomonas	Order
GCA_001662425.1	28458	chlamydomonas	Genus
GCA_025917655.1	3076	chlorella	Family
GCF_000147415.1	554065	chlorella	Family
GCA_023343905.1	3077	chlorella	Family
GCA_018398765.1	505693	generic	root
GCA_000286095.1	195065	generic	root
GCA_002887195.1	127563	generic	root
GCA_003297045.1	1563116	Berviolum_minutum	Family
GCA_027943415.1	2790670	mesotaenium_endlicherianum	Class
GCA_027943385.1	2019903	mesotaenium_endlicherianum	Class
GCF_000258705.1	248742	chlorella	Class
GCA_000194455.1	2898	generic	root
GCA_013995675.1	2690220	galdieria	Class
GCA_004431415.1	2762	generic	root
GCA_019693525.1	2853	Fragilariopsis_cylindrus_CCMP1102	Family
GCA_015146095.1	457357	generic	root
GCA_914767535.1	257627	Dunaliella_salina	Genus
GCA_002284615.2	3046	Dunaliella_salina	Genus
GCF_000372725.1	2903	generic	root
GCA_003117195.1	593785	volvox	Family
GCA_900893395.1	3039	leishmania_tarentolae	Phylum
GCA_001584585.1	33097	volvox	Family
GCA_003970955.1	44745	chlamydomonas	Order
GCA_000018645.1	464988	generic	root
GCA_003568945.1	797122	generic	root
GCA_000708835.1	105231	arabidopsis	Phylum
GCA_027923505.1	2872254	Fistulifera_solaris	Family
GCA_009746045.1	41882	arabidopsis	Phylum
GCA_008037345.1	81816	Monoraphidium_neglectum	Family
GCF_000240725.1	72520	generic	root
GCF_000090985.2	296587	Micromonas_commoda	Genus
GCF_000151265.2	38833	Micromonas_commoda	Genus
GCA_025201885.1	39955	Monoraphidium_neglectum	Genus
GCA_004335405.1	43926	generic	root
GCA_004519485.1	145522	generic	root
GCA_019593585.1	303400	Fragilariopsis_cylindrus_CCMP1102	Family
GCA_016586335.1	2742595	Fragilariopsis_cylindrus_CCMP1102	Family
GCA_015146655.1	2986	generic	root
GCF_000092065.1	242159	Ostreococcus_sp_lucimarinus	Genus
GCF_000214015.3	70448	Ostreococcus_sp_lucimarinus	Genus
GCA_015712045.1	3074	chlorella	Family
GCA_016759055.1	74790	Paramecium_tetraurelia	Genus
GCA_019918135.1	1928728	generic	root
GCA_918797485.1	35677	generic	root
GCA_023375785.1	102169	mesotaenium_endlicherianum	Class
GCF_000150955.2	2850	Phaeodactylum_tricornutum	Genus
GCA_008690995.1	35688	galdieria	Class
GCA_001652855.1	39449	Berviolum_minutum	Class
GCA_938743325.1	41880	Bathycoccus_prasinos	Phylum
GCA_018697155.1	36894	Bathycoccus_prasinos	Phylum
GCA_003203535.1	307507	Raphidocelis_subcapitata	Genus
GCA_018806925.1	2843	Skeletonema_costatum	Genus
GCA_003297005.1	1563115	Berviolum_minutum	Family
GCA_002891735.1	47790	chlamydomonas	Order
GCA_902809745.2	91191	Monoraphidium_neglectum	Order
GCA_900108755.1	3088	Monoraphidium_neglectum	Order
GCA_026401115.1	63592	Bathycoccus_prasinos	Phylum
GCA_006384855.1	3165	Bathycoccus_prasinos	Phylum
GCA_019693375.1	60131	chlorella	Class
GCA_012489335.1	1534972	generic	root
GCA_019650175.1	51714	volvox	Genus
GCF_000143455.1	3067	volvox	Genus
GCA_019650235.1	1737510	volvox	Genus
GCA_003116995.1	51707	volvox	Family
GCF_000182965.3	5476	candida_albicans	Genus
GCF_000243375.1	4950	eremothecium_gossypii	Family
GCF_001417885.1	4911	kluyveromyces_lactis	Genus
GCF_000149425.1	4929	candida_guilliermondii	Genus
GCA_004919595.1	34356	candida_albicans	Family
GCF_003054445.1	4909	candida_albicans	Order
GCF_001661405.1	4903	candida_albicans	Order
GCA_003705165.1	36909	eremothecium_gossypii	Family
GCA_001599735.1	100951	cryptococcus_neoformans_gattii	Class
GCF_000006445.2	4959	debaryomyces_hansenii	Genus
GCF_025882075.1	4972	cryptococcus_neoformans_gattii	Order
GCA_003705295.1	45794	yarrowia_lipolytica	Family
GCA_014825765.1	89926	cryptococcus_neoformans_gattii	Class
GCA_013365045.1	1173061	yarrowia_lipolytica	Family
GCA_001599695.1	89928	cryptococcus_neoformans_gattii	Order
GCF_001661235.1	4926	candida_albicans	Order
GCA_003243715.1	29833	candida_albicans	Order
GCA_000585475.3	56409	candida_albicans	Order
GCF_000002515.2	28985	kluyveromyces_lactis	Genus
GCA_001661315.1	45786	candida_albicans	Order
GCA_003709225.2	28549	candida_albicans	Family
GCA_003707025.1	45511	candida_albicans	Family
GCF_000320785.1	5286	coprinus_cinereus	Phylum
GCA_024748845.1	5537	coprinus_cinereus	Phylum
GCA_016584175.1	34358	eremothecium_gossypii	Family
GCF_000026365.1	4956	eremothecium_gossypii	Family
GCA_001936155.1	4944	candida_albicans	Order
GCF_000002525.2	4952	yarrowia_lipolytica	Genus
GCA_008065275.1	5417	cryptococcus_neoformans_gattii	Class
GCA_010758995.1	5003	coprinus_cinereus	Phylum
GCA_001373355.1	5005	coprinus_cinereus	Phylum
GCA_001600715.1	5554	cryptococcus_neoformans_gattii	Class
GCA_011022315.1	27292	saccharomyces_cerevisiae_rm11	Genus
GCA_947243785.1	114524	saccharomyces_cerevisiae_rm11	Genus
GCF_020623625.1	36035	candida_albicans	Order
GCF_000150505.1	4899	schizosaccharomyces_pombe	Genus
GCF_000002945.1	4896	schizosaccharomyces_pombe	Genus
GCA_001599155.1	45790	candida_albicans	Family
GCA_001661245.1	4918	candida_albicans	Order
GCA_003285555.1	45537	candida_albicans	Order
GCA_017655625.1	273372	candida_albicans	Genus
GCA_001664025.1	766949	candida_albicans	Order
GCA_002196765.1	4920	candida_albicans	Family
GCA_022641835.1	36022	candida_albicans	Order
GCA_003339355.1	53655	candida_albicans	Order
GCA_003707015.2	1156965	candida_albicans	Order
GCF_000142805.1	381046	eremothecium_gossypii	Family
GCA_009932455.1	27326	candida_albicans	Order
GCA_019431265.1	4931	saccharomyces_cerevisiae_rm11	Genus
GCA_900162805.1	4954	eremothecium_gossypii	Family
GCA_024606485.1	82525	cryptococcus_neoformans_gattii	Class
GCF_002079055.1	27291	saccharomyces_cerevisiae_rm11	Genus
GCF_000209165.1	4924	pichia_stipitis	Genus
GCA_003707065.2	34364	candida_albicans	Order
GCA_000344705.1	5479	candida_albicans	Genus
GCF_008704595.1	5481	candida_albicans	Order
GCA_003707555.1	33165	kluyveromyces_lactis	Genus
GCA_000167115.1	4914	eremothecium_gossypii	Family
GCA_003705805.2	51656	kluyveromyces_lactis	Genus
GCA_000179415.1	51658	kluyveromyces_lactis	Genus
GCA_001039675.1	51657	eremothecium_gossypii	Family
GCF_000304475.1	1071382	eremothecium_gossypii	Family
GCF_000315915.1	1071380	eremothecium_gossypii	Family
GCA_001046975.1	51660	eremothecium_gossypii	Family
GCA_000300575.2	5341	coprinus_cinereus	Order
GCA_027604645.1	64505	generic	root
GCA_013376435.1	64608	coprinus_cinereus	Order
GCA_003316025.1	56187	coprinus_cinereus	Order
GCA_023703485.1	60444	chaetomium_globosum	Class
GCA_020875535.1	35725	Sphaceloma_murrayae	Class
GCA_001679825.1	108572	coprinus_cinereus	Order
GCF_000002655.1	746128	aspergillus_fumigatus	Genus
GCA_001990825.1	40993	aspergillus_fumigatus	Genus
GCF_013340325.1	5068	aspergillus_fumigatus	Genus
GCA_001889945.1	319629	aspergillus_fumigatus	Genus
GCA_004849945.1	40380	aspergillus_fumigatus	Genus
GCA_008274985.1	41058	aspergillus_fumigatus	Genus
GCF_000143365.1	38033	chaetomium_globosum	Genus
GCA_023634325.1	166633	Sphaceloma_murrayae	Class
GCA_002901145.1	29917	Sphaceloma_murrayae	Class
GCA_001693025.2	290576	verticillium_albo_atrum1	Order
GCA_025201675.1	76405	rhizopus_oryzae	Order
GCA_000697015.1	4853	rhizopus_oryzae	Order
GCA_005212705.1	5503	Sphaceloma_murrayae	Class
GCA_013266205.1	57161	fusarium_graminearum	Genus
GCA_016952355.1	5516	fusarium_graminearum	Genus
GCF_000271745.1	5507	fusarium_graminearum	Genus
GCA_025948275.1	40199	fusarium_graminearum	Genus
GCA_013396035.1	56676	fusarium_graminearum	Genus
GCA_011316235.1	2567926	chaetomium_globosum	Family
GCA_027405735.1	4841	rhizopus_oryzae	Order
GCA_019977855.1	36655	aspergillus_fumigatus	Family
GCA_027569715.1	39317	aspergillus_fumigatus	Family
GCA_014839975.1	5075	aspergillus_fumigatus	Family
GCA_018340795.1	303698	aspergillus_fumigatus	Family
GCA_018410145.1	70792	aspergillus_fumigatus	Family
GCA_028827155.1	5077	aspergillus_fumigatus	Family
GCF_000769745.1	27334	aspergillus_fumigatus	Family
GCA_028827395.1	40994	aspergillus_fumigatus	Family
GCA_028827405.1	36656	aspergillus_fumigatus	Family
GCF_000226395.1	1108849	aspergillus_fumigatus	Family
GCA_000710275.1	5076	aspergillus_fumigatus	Family
GCA_028827255.1	5074	aspergillus_fumigatus	Family
GCA_000733025.2	229535	aspergillus_fumigatus	Family
GCA_000697035.1	4846	rhizopus_oryzae	Genus
GCA_016612005.1	1979465	Sphaceloma_murrayae	Class
GCA_002247145.1	639000	generic	root
GCA_001021365.1	74722	fusarium_graminearum	Order
GCA_022701375.1	47278	fusarium_graminearum	Order
GCA_026259275.1	5548	fusarium_graminearum	Order
GCA_019565615.1	1491479	fusarium_graminearum	Order
GCF_000167675.1	51453	fusarium_graminearum	Order
GCF_003025095.1	5544	fusarium_graminearum	Order
GCF_000170995.1	29875	fusarium_graminearum	Order
GCF_001890125.1	46472	aspergillus_fumigatus	Genus
GCA_025592505.1	138282	aspergillus_fumigatus	Genus
GCA_002105135.1	13706	rhizopus_oryzae	Order
GCF_001561935.1	5078	aspergillus_fumigatus	Family
GCF_025094135.1	29922	rhizopus_oryzae	Order
GCA_001599575.1	36080	rhizopus_oryzae	Order
GCF_000721775.1	46634	Sphaceloma_murrayae	Class
GCF_000721785.1	5580	Sphaceloma_murrayae	Class
GCF_001642055.1	5599	Sphaceloma_murrayae	Class
GCA_026262445.1	102001	Sphaceloma_murrayae	Class
GCF_000002715.2	5057	aspergillus_fumigatus	Genus
GCA_028505765.1	5067	aspergillus_fumigatus	Genus
GCF_014117465.1	5059	aspergillus_fumigatus	Genus
GCA_002851705.1	27335	verticillium_albo_atrum1	Genus
GCF_000150675.1	27337	verticillium_albo_atrum1	Genus
GCA_001571465.2	128442	aspergillus_fumigatus	Order
GCF_000280675.1	176275	fusarium_graminearum	Order
GCF_001636725.1	114497	fusarium_graminearum	Order
GCA_020081605.1	1859699	fusarium_graminearum	Order
GCA_019453395.1	1659837	Sphaceloma_murrayae	Class
GCA_000769265.1	5044	fusarium_graminearum	Order
GCA_001640685.1	72027	chaetomium_globosum	Class
GCA_000738655.1	415593	Sphaceloma_murrayae	Class
GCA_024706585.1	69488	aspergillus_fumigatus	Family
GCA_000611695.1	4839	rhizopus_oryzae	Order
GCA_028829465.1	69789	aspergillus_fumigatus	Family
GCF_002708625.1	58291	rhizopus_oryzae	Genus
GCF_000146945.2	5180	Sclerotinia_sclerotiorum	Genus
GCA_003664465.1	523103	coccidioides_immitis	Order
GCF_000151425.1	5551	coccidioides_immitis	Order
GCA_021396235.1	431197	chaetomium_globosum	Class
GCA_022985105.1	69780	aspergillus_fumigatus	Family
GCA_023624915.1	1220191	aspergillus_fumigatus	Genus
GCA_021209875.1	77044	chaetomium_globosum	Class
GCF_000225545.1	2813651	aspergillus_fumigatus	Phylum
GCA_002116315.1	105696	Sphaceloma_murrayae	Class
GCF_000151145.1	63405	coccidioides_immitis	Order
GCA_014898285.1	139639	botrytis_cinerea	Genus
GCF_002742065.1	122368	Sphaceloma_murrayae	Class
GCA_002249775.1	27358	verticillium_albo_atrum1	Order
GCA_009900065.1	34406	verticillium_albo_atrum1	Order
GCA_014235955.1	2175907	verticillium_albo_atrum1	Order
GCA_011503125.2	55169	Sphaceloma_murrayae	Class
GCA_003184595.1	1450533	aspergillus_fumigatus	Genus
GCA_011058895.1	1769908	Sphaceloma_murrayae	Class
GCA_027946535.1	749634	Sphaceloma_murrayae	Class
GCF_001890725.1	5066	aspergillus_fumigatus	Genus
GCF_000151125.1	63400	coccidioides_immitis	Order
GCA_019359935.1	101480	coccidioides_immitis	Order
GCF_015533775.1	5082	aspergillus_fumigatus	Family
GCF_000150975.2	63402	coccidioides_immitis	Order
GCA_002976275.1	89489	aspergillus_fumigatus	Family
GCF_001896365.1	1196081	aspergillus_fumigatus	Order
GCA_025592935.1	138279	aspergillus_fumigatus	Genus
GCA_013466175.1	60169	aspergillus_fumigatus	Family
GCA_020736905.1	1567482	fusarium_graminearum	Order
GCA_028502605.1	2034170	fusarium_graminearum	Order
GCA_022985005.1	337941	fusarium_graminearum	Order
GCA_001950475.1	97093	fusarium_graminearum	Order
GCA_007896495.1	5547	fusarium_graminearum	Order
GCF_003025105.1	101201	fusarium_graminearum	Order
GCA_019976475.1	357447	aspergillus_fumigatus	Genus
GCA_000472125.2	42368	fusarium_graminearum	Order
GCA_013305495.1	5530	fusarium_graminearum	Order
GCA_028009165.1	2231603	fusarium_graminearum	Order
GCF_000315645.1	36651	aspergillus_fumigatus	Family
GCA_025999795.1	5098	aspergillus_fumigatus	Family
GCA_004154925.1	155416	chaetomium_globosum	Class
GCA_018691715.1	4785	generic	root
GCF_000143185.2	5334	coprinus_cinereus	Order
GCF_001890905.1	5053	aspergillus_fumigatus	Genus
GCA_003987915.1	2018698	coprinus_cinereus	Order
GCA_023925345.1	64518	gigaspora_margarita	Phylum
GCA_017657125.1	561152	chaetomium_globosum	Class
GCF_011692745.1	74035	coccidioides_immitis	Order
GCF_000151505.1	63417	coccidioides_immitis	Order
GCF_000143535.2	40559	botrytis_cinerea	Genus
GCA_003116535.1	5093	aspergillus_fumigatus	Order
GCA_947297635.1	45518	candida_albicans	Family
GCA_001005415.1	29830	candida_albicans	Order
GCA_001599335.1	5477	candida_albicans	Order
GCA_001077315.1	273131	eremothecium_gossypii	Family
GCA_003706575.1	268492	candida_albicans	Family
GCA_001649435.1	52256	candida_albicans	Order
GCA_000755205.1	66948	candida_guilliermondii	Genus
GCA_900519055.1	197054	yarrowia_lipolytica	Genus
GCA_004125075.1	45555	candida_albicans	Order
GCF_002926055.2	45357	candida_albicans	Order
GCA_003706695.2	49327	candida_albicans	Order
GCA_004931855.1	52247	candida_albicans	Order
GCA_003033435.1	5490	candida_albicans	Order
GCA_022457055.1	45567	candida_albicans	Family
GCA_015708695.1	45568	candida_albicans	Family
GCA_003706615.2	49329	candida_albicans	Order
GCA_003708295.2	130814	candida_albicans	Order
GCA_017309295.1	418086	eremothecium_gossypii	Family
GCA_003707785.2	46584	candida_albicans	Order
GCA_003243815.1	39397	candida_albicans	Family
GCA_002118035.1	45589	pichia_stipitis	Genus
GCF_002251995.1	45607	candida_albicans	Order
GCA_004125005.1	140312	candida_albicans	Order
GCA_001599255.1	51927	candida_albicans	Order
GCF_000223465.1	2315449	candida_albicans	Family
GCA_001599055.1	1526549	chaetomium_globosum	Class
GCA_014839905.1	180776	coccidioides_immitis	Family
GCA_012922615.1	5418	cryptococcus_neoformans_gattii	Order
GCA_015708705.1	89929	cryptococcus_neoformans_gattii	Class
GCA_004380915.1	196064	fusarium_graminearum	Family
GCA_003708605.2	27297	debaryomyces_hansenii	Genus
GCA_001754015.1	37662	candida_albicans	Order
GCF_011074885.1	5007	candida_albicans	Order
GCA_013305525.1	41735	aspergillus_fumigatus	Genus
GCA_003814445.1	35717	fusarium_graminearum	Order
GCA_027569315.1	5054	aspergillus_fumigatus	Genus
GCF_016861735.1	182096	aspergillus_fumigatus	Genus
GCF_001890805.1	41413	aspergillus_fumigatus	Genus
GCA_022813405.1	1405805	aspergillus_fumigatus	Genus
GCF_000600275.1	396024	aspergillus_fumigatus	Genus
GCF_000091045.1	5207	cryptococcus_neoformans_gattii	Genus
GCA_001630605.1	79858	botrytis_cinerea	Class
GCA_003313175.1	61235	fusarium_graminearum	Genus
GCF_000240135.3	5518	fusarium_graminearum	Genus
GCF_011800055.1	474922	verticillium_albo_atrum1	Order
GCA_001563125.1	1209931	verticillium_albo_atrum1	Order
GCA_001513895.1	67622	chaetomium_globosum	Class
GCA_003706875.2	54551	candida_albicans	Order
GCF_000002495.2	318829	magnaporthe_grisea	Genus
GCA_023091675.1	743927	gigaspora_margarita	Phylum
GCA_015852425.1	979690	gigaspora_margarita	Phylum
GCA_000739165.1	78898	gigaspora_margarita	Phylum
GCF_000237345.1	27288	eremothecium_gossypii	Family
GCF_000227115.2	27289	eremothecium_gossypii	Family
GCF_026873545.1	195108	fusarium_graminearum	Genus
GCF_025433545.1	1328300	fusarium_graminearum	Genus
GCF_000149645.3	36630	aspergillus_fumigatus	Genus
GCA_003706205.1	53649	candida_albicans	Order
GCA_019925375.1	1260070	chaetomium_globosum	Class
GCA_004028395.1	255215	chaetomium_globosum	Class
GCA_019925595.1	155651	chaetomium_globosum	Class
GCA_003706855.2	45501	candida_albicans	Family
GCA_900074765.1	4955	eremothecium_gossypii	Family
GCF_001447935.2	58627	debaryomyces_hansenii	Genus
GCA_001708105.1	4922	candida_albicans	Order
GCA_900519085.1	1608523	yarrowia_lipolytica	Genus
GCA_003707275.2	324740	candida_albicans	Order
GCA_007556495.1	42258	eremothecium_gossypii	Family
GCA_019155655.1	324739	candida_albicans	Order
GCA_003707885.1	1337058	candida_albicans	Order
GCA_001599235.1	374178	candida_guilliermondii	Genus
GCA_028828415.1	983339	fusarium_graminearum	Order
GCA_002968875.1	218633	fusarium_graminearum	Order
GCA_003707945.2	53647	candida_albicans	Order
GCA_024271885.1	104402	candida_albicans	Order
GCA_023212875.1	169507	candida_albicans	Order
GCA_003708585.1	27299	debaryomyces_hansenii	Genus
GCA_012851205.1	35629	eremothecium_gossypii	Family
GCA_018489445.1	45512	pichia_stipitis	Genus
GCF_020509005.1	5499	Sphaceloma_murrayae	Class
GCF_019207475.1	870730	candida_albicans	Order
GCA_016906385.1	3111	chlorella	Family
GCA_003243035.1	1538186	candida_albicans	Order
GCA_003706045.1	1196395	candida_albicans	Order
GCA_000985935.1	28573	aspergillus_fumigatus	Order
GCA_026119455.1	749633	Sphaceloma_murrayae	Class
GCA_003705375.1	36036	candida_albicans	Order
GCA_020313495.2	51915	eremothecium_gossypii	Family
GCA_001910725.1	2822231	pchrysosporium	Genus
GCF_004353045.1	1093900	chaetomium_globosum	Class
GCA_003708315.2	49332	candida_albicans	Order
GCF_020726555.1	749465	Sphaceloma_murrayae	Class
GCA_003706265.1	36025	candida_albicans	Order
GCA_019096115.1	36015	candida_albicans	Order
GCA_001599895.1	45502	candida_albicans	Family
GCA_005406165.1	121235	candida_albicans	Order
GCA_003707925.2	45509	candida_albicans	Order
GCF_000149685.1	36914	lodderomyces_elongisporus	Genus
GCF_000236905.1	113608	eremothecium_gossypii	Family
GCA_001599275.1	45788	candida_albicans	Order
GCA_003054985.1	5278	coprinus_cinereus	Phylum
GCF_014133895.1	48254	eremothecium_gossypii	Family
GCA_003707305.1	58634	candida_albicans	Order
GCA_020536225.1	599730	candida_albicans	Order
GCA_003401635.1	27327	candida_albicans	Order
GCA_000149225.2	4934	eremothecium_gossypii	Family
GCA_003705175.2	53488	eremothecium_gossypii	Family
GCA_003708525.2	27294	eremothecium_gossypii	Family
GCA_003706235.1	50265	candida_albicans	Order
GCA_003706715.1	45506	candida_albicans	Family
GCA_027946455.1	798079	Sphaceloma_murrayae	Class
GCA_000143045.1	2052682	generic	root
GCF_000576695.1	317047	candida_albicans	Order
GCA_003706445.2	1004253	candida_albicans	Order
GCA_004919775.1	56406	candida_albicans	Order
GCA_000586595.1	1073566	saccharomyces_cerevisiae_rm11	Genus
GCA_001515445.2	1073566	saccharomyces_cerevisiae_rm11	Genus
GCA_013180795.1	1073566	saccharomyces_cerevisiae_rm11	Genus
GCA_920104245.1	86837	coprinus_cinereus	Phylum
GCA_002270425.1	1247836	candida_albicans	Order
GCA_028828615.1	86838	coprinus_cinereus	Phylum
GCA_003707595.1	4957	eremothecium_gossypii	Family
GCF_001664045.1	460523	candida_albicans	Order
GCA_001661475.1	51930	candida_albicans	Order
GCA_939531405.1	27328	candida_albicans	Order
GCA_008065255.1	56417	candida_albicans	Order
GCA_002370325.1	27323	candida_albicans	Order
GCA_017654735.1	1895944	cryptococcus_neoformans_gattii	Order
GCA_025758675.1	89916	cryptococcus_neoformans_gattii	Class
GCF_000003835.1	36911	candida_albicans	Order
GCA_003707935.2	374461	candida_albicans	Order
GCA_022577775.1	49336	candida_albicans	Order
GCA_003706805.2	45603	candida_albicans	Order
GCF_000149845.2	4897	schizosaccharomyces_pombe	Genus
GCA_003671575.2	48255	eremothecium_gossypii	Family
GCA_003705455.2	54552	candida_albicans	Order
GCA_001747045.1	56408	candida_albicans	Order
GCA_004919885.1	56407	candida_albicans	Order
GCA_028408395.1	27293	eremothecium_gossypii	Family
GCA_003708425.2	56413	eremothecium_gossypii	Family
GCA_003705465.1	4921	candida_albicans	Order
GCA_001600375.1	27304	candida_albicans	Order
GCF_001661395.1	717740	candida_albicans	Family
GCA_003707985.2	1337057	candida_albicans	Order
GCA_024271855.1	36018	candida_albicans	Order
GCA_001600675.1	28986	candida_albicans	Family
GCA_003708795.2	36016	candida_albicans	Order
GCA_003707195.1	54045	candida_albicans	Order
GCF_000313485.1	1041607	candida_albicans	Order
GCA_003706155.1	36023	candida_albicans	Order
GCA_003706765.2	1041608	candida_albicans	Order
GCA_003705115.1	36024	candida_albicans	Order
GCA_003705525.2	53659	candida_albicans	Order
GCF_000026945.1	42374	candida_albicans	Genus
GCA_003706165.2	50263	candida_albicans	Order
GCA_003705335.1	45504	candida_albicans	Family
GCA_001600755.1	1156966	candida_albicans	Order
GCF_001661335.1	984486	candida_albicans	Order
GCA_003707745.1	131113	candida_albicans	Order
GCA_003705275.1	53646	candida_albicans	Order
GCA_003706255.1	53937	candida_albicans	Order
GCA_003706995.2	45510	candida_albicans	Family
GCA_003706035.1	1337056	candida_albicans	Order
GCA_003706195.1	36026	candida_albicans	Order
GCA_003705495.1	53656	candida_albicans	Order
GCA_003706925.2	507511	candida_albicans	Family
GCA_003706915.2	36028	candida_albicans	Order
GCF_020536065.1	1378263	candida_albicans	Order
GCF_019049425.1	45513	pichia_stipitis	Genus
GCA_012922715.1	92952	cryptococcus_neoformans_gattii	Class
GCA_003708355.2	65811	candida_albicans	Order
GCA_003706705.2	53645	candida_albicans	Order
GCA_003707645.1	50267	candida_albicans	Order
GCA_003327735.1	5486	candida_albicans	Genus
GCA_947241705.1	114525	saccharomyces_cerevisiae_rm11	Genus
GCA_003708085.1	53643	candida_albicans	Order
GCF_000293215.1	82508	cryptococcus_neoformans_gattii	Class
GCA_001599315.1	75736	candida_albicans	Order
GCA_001600175.1	114840	coprinus_cinereus	Phylum
GCA_022817945.1	1538179	candida_albicans	Order
GCA_003707795.1	46582	candida_albicans	Order
GCF_002117355.1	104341	pchrysosporium	Order
GCA_023628975.1	49331	candida_albicans	Order
GCA_001599355.1	1538182	candida_albicans	Order
GCA_003707315.2	52249	candida_albicans	Order
GCA_003707165.1	54194	candida_albicans	Order
GCA_003707215.1	54046	candida_albicans	Order
GCA_022577695.1	49335	candida_albicans	Order
GCA_019926025.1	86836	coprinus_cinereus	Phylum
GCA_019775285.1	106018	coprinus_cinereus	Phylum
GCA_003708465.1	488016	eremothecium_gossypii	Family
GCA_003708925.2	74404	eremothecium_gossypii	Family
GCA_003116955.1	82522	cryptococcus_neoformans_gattii	Class
GCA_001984395.2	1365886	eremothecium_gossypii	Family
GCF_000315875.1	273371	candida_albicans	Genus
GCA_016617785.1	40563	coprinus_cinereus	Phylum
GCA_001264635.1	948313	coprinus_cinereus	Phylum
GCF_000747765.1	84753	ustilago_maydis	Family
GCF_000938715.1	1245769	eremothecium_gossypii	Family
GCA_920103745.2	5535	coprinus_cinereus	Phylum
GCA_020272525.1	749593	Sphaceloma_murrayae	Class
GCA_001599375.1	73001	Sphaceloma_murrayae	Class
GCA_022560035.1	749552	Sphaceloma_murrayae	Class
GCA_003439915.1	1491457	fusarium_graminearum	Order
GCA_000331835.2	49224	fusarium_graminearum	Order
GCA_002022785.1	1491466	fusarium_graminearum	Order
GCA_001050175.1	858221	fusarium_graminearum	Order
GCF_003025115.1	58853	fusarium_graminearum	Order
GCA_018343915.1	39291	coprinus_cinereus	Class
GCA_003260565.1	38457	botrytis_cinerea	Family
GCA_022661535.1	97096	chaetomium_globosum	Class
GCA_005959805.1	302913	Sphaceloma_murrayae	Family
GCA_014705085.1	306554	verticillium_albo_atrum1	Order
GCF_013390195.1	690259	verticillium_albo_atrum1	Order
GCF_000344685.1	104355	coprinus_cinereus	Class
GCA_003708825.2	1089533	eremothecium_gossypii	Family
GCF_000271585.1	5325	pchrysosporium	Order
GCA_019054645.1	5514	fusarium_graminearum	Genus
GCA_000827475.1	71150	coprinus_cinereus	Class
GCA_930272055.1	90004	coprinus_cinereus	Class
GCA_003708445.2	36916	eremothecium_gossypii	Family
GCA_000697475.1	42458	rhizopus_oryzae	Order
GCA_019426095.1	5315	pchrysosporium	Order
GCF_020744495.1	169388	fusarium_graminearum	Genus
GCA_000827255.1	5384	coprinus_cinereus	Class
GCA_002276285.1	41688	chaetomium_globosum	Class
GCA_022559905.1	749621	Sphaceloma_murrayae	Class
GCA_023087545.1	466954	Sphaceloma_murrayae	Class
GCA_016864655.1	29920	generic	root
GCA_028827385.1	48697	aspergillus_fumigatus	Family
GCA_000697685.1	1137138	coprinus_cinereus	Order
GCA_002116305.1	40296	aspergillus_fumigatus	Family
GCA_016808195.1	252740	chaetomium_globosum	Class
GCA_003184705.1	657443	aspergillus_fumigatus	Genus
GCF_003184695.1	1191711	aspergillus_fumigatus	Genus
GCF_003184545.1	1448321	aspergillus_fumigatus	Genus
GCA_001890745.1	767770	aspergillus_fumigatus	Genus
GCA_003184645.1	41066	aspergillus_fumigatus	Genus
GCF_016861625.1	1069201	aspergillus_fumigatus	Genus
GCF_001653265.1	33203	fusarium_graminearum	Order
GCA_023619995.1	41984	aspergillus_fumigatus	Genus
GCA_900169235.1	93591	fusarium_graminearum	Order
GCA_001636795.1	2714763	fusarium_graminearum	Order
GCA_024340765.1	38005	fusarium_graminearum	Order
GCA_028828275.1	69773	aspergillus_fumigatus	Family
GCA_028455935.1	935214	fusarium_graminearum	Order
GCA_016758945.1	97098	rhizopus_oryzae	Order
GCA_002796755.1	73499	fusarium_graminearum	Order
GCA_016758905.1	91625	gigaspora_margarita	Phylum
GCA_018292885.1	4784	generic	root
GCF_001907595.1	1441469	aspergillus_fumigatus	Order
GCA_027569385.1	69771	aspergillus_fumigatus	Family
GCA_019022425.1	1266744	aspergillus_fumigatus	Order
GCA_019055205.1	56641	fusarium_graminearum	Genus
GCA_017656745.1	282270	fusarium_graminearum	Genus
GCF_002849105.1	306088	aspergillus_fumigatus	Genus
GCF_001481775.2	398673	fusarium_graminearum	Order
GCF_000171015.1	63577	fusarium_graminearum	Order
GCA_020800215.1	164328	generic	root
GCF_900067095.1	948311	fusarium_graminearum	Genus
GCA_028827645.1	911720	aspergillus_fumigatus	Family
GCA_007655245.1	53984	generic	root
GCA_024047395.1	48490	fusarium_graminearum	Genus
GCF_001638985.1	4837	rhizopus_oryzae	Order
GCF_003184835.1	1448317	aspergillus_fumigatus	Genus
GCF_003184865.1	1450537	aspergillus_fumigatus	Genus
GCF_003184755.1	1448313	aspergillus_fumigatus	Genus
GCF_003184525.1	1450535	aspergillus_fumigatus	Genus
GCF_003184925.1	1448311	aspergillus_fumigatus	Genus
GCF_014466165.1	5322	coprinus_cinereus	Order
GCA_003243765.1	5323	coprinus_cinereus	Order
GCA_000787455.1	196907	aspergillus_fumigatus	Family
GCA_019925475.1	5163	chaetomium_globosum	Class
GCA_000410735.1	61273	chaetomium_globosum	Class
GCA_020912385.1	310453	Sphaceloma_murrayae	Class
GCA_011066345.1	1567552	fusarium_graminearum	Order
GCA_019155715.1	221518	generic	root
GCF_000328475.2	5270	ustilago_maydis	Genus
GCA_004334575.1	13290	coprinus_cinereus	Phylum
GCA_008728235.1	688394	rhizopus_oryzae	Order
GCA_028828655.1	60171	aspergillus_fumigatus	Family
GCF_001883845.1	236234	Sphaceloma_murrayae	Class
GCF_000271625.1	80637	coprinus_cinereus	Class
GCA_001632425.1	38799	coprinus_cinereus	Class
GCF_000218685.1	85982	coprinus_cinereus	Class
GCF_002072235.1	60172	aspergillus_fumigatus	Family
GCF_000263375.1	1708541	coprinus_cinereus	Phylum
GCA_016413765.1	1287682	aspergillus_fumigatus	Genus
GCA_002319055.1	206542	aspergillus_fumigatus	Class
GCA_028476805.1	1589764	Sphaceloma_murrayae	Class
GCA_022702545.1	269771	rhizopus_oryzae	Order
GCF_000836275.1	212818	aspergillus_fumigatus	Class
GCF_000149555.1	117187	fusarium_graminearum	Genus
GCA_026262405.1	1230527	Sphaceloma_murrayae	Class
GCF_900079805.1	5127	fusarium_graminearum	Genus
GCA_001455585.1	280322	Sphaceloma_murrayae	Class
GCA_022225955.2	83184	chaetomium_globosum	Class
GCA_001663355.1	1209918	verticillium_albo_atrum1	Order
GCA_001593745.1	27357	verticillium_albo_atrum1	Order
GCA_001563135.1	703756	verticillium_albo_atrum1	Order
GCF_009771025.1	690256	verticillium_albo_atrum1	Order
GCF_026319165.1	710243	verticillium_albo_atrum1	Order
GCA_009299455.1	61186	botrytis_cinerea	Family
GCA_002964805.2	47662	pchrysosporium	Order
GCA_008692225.1	38448	botrytis_cinerea	Family
GCA_022985055.1	931006	fusarium_graminearum	Order
GCF_000187425.2	568076	fusarium_graminearum	Order
GCA_021066465.1	702382	fusarium_graminearum	Order
GCA_002221725.1	5597	chaetomium_globosum	Class
GCF_001653235.2	280754	fusarium_graminearum	Order
GCA_027946515.1	1191159	chaetomium_globosum	Class
GCA_012295475.1	78237	generic	root
GCA_023627795.1	36038	candida_albicans	Order
GCA_003709245.2	907340	candida_albicans	Order
GCA_014706385.1	264483	cryptococcus_neoformans_gattii	Class
GCA_947297695.1	29831	eremothecium_gossypii	Family
GCA_900186055.1	1136883	eremothecium_gossypii	Family
GCF_013402915.1	42260	eremothecium_gossypii	Family
GCF_000194455.1	2898	generic		root
GCF_003327735.1	5486	candida_albicans	Genus
GCF_000018645.1	464988	generic		root
GCF_003184595.1	1450533	aspergillus_fumigatus	Genus
GCA_026636295.1	2885156	chlorella	Class
