Name	Strain	Temp	ncbiTaxID	Superkingdom	Phylum	Class	Order	Family	Genus
Lactobacillus plantarum	wcfs1	37.0	220668	Bacteria	Bacillota	Bacilli	Lactobacillales	Lactobacillaceae	Lactiplantibacillus
Lactobacillus plantarum	wcfs1	37.0	220668	Bacteria	Bacillota	Bacilli	Lactobacillales	Lactobacillaceae	Lactiplantibacillus
Geobacter sulfurreducens	nan	30.0	35554	Bacteria	Thermodesulfobacteriota	Desulfuromonadia	Geobacterales	Geobacteraceae	Geobacter
Chromohalobacter salexigens	CHR61	37.0	158080	Bacteria	Pseudomonadota	Gammaproteobacteria	Oceanospirillales	Halomonadaceae	Chromohalobacter
Chromohalobacter salexigens	CHR61	37.0	158080	Bacteria	Pseudomonadota	Gammaproteobacteria	Oceanospirillales	Halomonadaceae	Chromohalobacter
Chromohalobacter salexigens	CHR61	37.0	158080	Bacteria	Pseudomonadota	Gammaproteobacteria	Oceanospirillales	Halomonadaceae	Chromohalobacter
Chromohalobacter salexigens	CHR61	37.0	158080	Bacteria	Pseudomonadota	Gammaproteobacteria	Oceanospirillales	Halomonadaceae	Chromohalobacter
Chromohalobacter salexigens	CHR61	37.0	158080	Bacteria	Pseudomonadota	Gammaproteobacteria	Oceanospirillales	Halomonadaceae	Chromohalobacter
Chromohalobacter salexigens	CHR61	37.0	158080	Bacteria	Pseudomonadota	Gammaproteobacteria	Oceanospirillales	Halomonadaceae	Chromohalobacter
Chromohalobacter salexigens	CHR61	37.0	158080	Bacteria	Pseudomonadota	Gammaproteobacteria	Oceanospirillales	Halomonadaceae	Chromohalobacter
Chromohalobacter salexigens	CHR61	37.0	158080	Bacteria	Pseudomonadota	Gammaproteobacteria	Oceanospirillales	Halomonadaceae	Chromohalobacter
Chromohalobacter salexigens	CHR61	37.0	158080	Bacteria	Pseudomonadota	Gammaproteobacteria	Oceanospirillales	Halomonadaceae	Chromohalobacter
Chromohalobacter salexigens	CHR61	37.0	158080	Bacteria	Pseudomonadota	Gammaproteobacteria	Oceanospirillales	Halomonadaceae	Chromohalobacter
Chromohalobacter salexigens	CHR61	37.0	158080	Bacteria	Pseudomonadota	Gammaproteobacteria	Oceanospirillales	Halomonadaceae	Chromohalobacter
Chromohalobacter salexigens	CHR61	37.0	158080	Bacteria	Pseudomonadota	Gammaproteobacteria	Oceanospirillales	Halomonadaceae	Chromohalobacter
Chromohalobacter salexigens	CHR95	37.0	158080	Bacteria	Pseudomonadota	Gammaproteobacteria	Oceanospirillales	Halomonadaceae	Chromohalobacter
Chromohalobacter salexigens	CHR95	37.0	158080	Bacteria	Pseudomonadota	Gammaproteobacteria	Oceanospirillales	Halomonadaceae	Chromohalobacter
Chromohalobacter salexigens	CHR95	37.0	158080	Bacteria	Pseudomonadota	Gammaproteobacteria	Oceanospirillales	Halomonadaceae	Chromohalobacter
Chromohalobacter salexigens	CHR95	37.0	158080	Bacteria	Pseudomonadota	Gammaproteobacteria	Oceanospirillales	Halomonadaceae	Chromohalobacter
Chromohalobacter salexigens	CHR95	37.0	158080	Bacteria	Pseudomonadota	Gammaproteobacteria	Oceanospirillales	Halomonadaceae	Chromohalobacter
Chromohalobacter salexigens	CHR95	37.0	158080	Bacteria	Pseudomonadota	Gammaproteobacteria	Oceanospirillales	Halomonadaceae	Chromohalobacter
Chromohalobacter salexigens	CHR95	37.0	158080	Bacteria	Pseudomonadota	Gammaproteobacteria	Oceanospirillales	Halomonadaceae	Chromohalobacter
Chromohalobacter salexigens	CHR95	37.0	158080	Bacteria	Pseudomonadota	Gammaproteobacteria	Oceanospirillales	Halomonadaceae	Chromohalobacter
Chromohalobacter salexigens	CHR95	37.0	158080	Bacteria	Pseudomonadota	Gammaproteobacteria	Oceanospirillales	Halomonadaceae	Chromohalobacter
Chromohalobacter salexigens	CHR95	37.0	158080	Bacteria	Pseudomonadota	Gammaproteobacteria	Oceanospirillales	Halomonadaceae	Chromohalobacter
Chromohalobacter salexigens	CHR95	37.0	158080	Bacteria	Pseudomonadota	Gammaproteobacteria	Oceanospirillales	Halomonadaceae	Chromohalobacter
Chromohalobacter salexigens	CHR95	37.0	158080	Bacteria	Pseudomonadota	Gammaproteobacteria	Oceanospirillales	Halomonadaceae	Chromohalobacter
Chromohalobacter salexigens	CHR161	37.0	158080	Bacteria	Pseudomonadota	Gammaproteobacteria	Oceanospirillales	Halomonadaceae	Chromohalobacter
Chromohalobacter salexigens	CHR161	37.0	158080	Bacteria	Pseudomonadota	Gammaproteobacteria	Oceanospirillales	Halomonadaceae	Chromohalobacter
Chromohalobacter salexigens	CHR161	37.0	158080	Bacteria	Pseudomonadota	Gammaproteobacteria	Oceanospirillales	Halomonadaceae	Chromohalobacter
Chromohalobacter salexigens	CHR161	37.0	158080	Bacteria	Pseudomonadota	Gammaproteobacteria	Oceanospirillales	Halomonadaceae	Chromohalobacter
Chromohalobacter salexigens	CHR161	37.0	158080	Bacteria	Pseudomonadota	Gammaproteobacteria	Oceanospirillales	Halomonadaceae	Chromohalobacter
Chromohalobacter salexigens	CHR161	37.0	158080	Bacteria	Pseudomonadota	Gammaproteobacteria	Oceanospirillales	Halomonadaceae	Chromohalobacter
Chromohalobacter salexigens	CHR161	37.0	158080	Bacteria	Pseudomonadota	Gammaproteobacteria	Oceanospirillales	Halomonadaceae	Chromohalobacter
Chromohalobacter salexigens	CHR161	37.0	158080	Bacteria	Pseudomonadota	Gammaproteobacteria	Oceanospirillales	Halomonadaceae	Chromohalobacter
Chromohalobacter salexigens	CHR183	37.0	158080	Bacteria	Pseudomonadota	Gammaproteobacteria	Oceanospirillales	Halomonadaceae	Chromohalobacter
Chromohalobacter salexigens	CHR183	37.0	158080	Bacteria	Pseudomonadota	Gammaproteobacteria	Oceanospirillales	Halomonadaceae	Chromohalobacter
Chromohalobacter salexigens	CHR183	37.0	158080	Bacteria	Pseudomonadota	Gammaproteobacteria	Oceanospirillales	Halomonadaceae	Chromohalobacter
Chromohalobacter salexigens	CHR183	37.0	158080	Bacteria	Pseudomonadota	Gammaproteobacteria	Oceanospirillales	Halomonadaceae	Chromohalobacter
Chromohalobacter salexigens	CHR183	37.0	158080	Bacteria	Pseudomonadota	Gammaproteobacteria	Oceanospirillales	Halomonadaceae	Chromohalobacter
Chromohalobacter salexigens	CHR183	37.0	158080	Bacteria	Pseudomonadota	Gammaproteobacteria	Oceanospirillales	Halomonadaceae	Chromohalobacter
Chromohalobacter salexigens	CHR183	37.0	158080	Bacteria	Pseudomonadota	Gammaproteobacteria	Oceanospirillales	Halomonadaceae	Chromohalobacter
Chromohalobacter salexigens	CHR183	37.0	158080	Bacteria	Pseudomonadota	Gammaproteobacteria	Oceanospirillales	Halomonadaceae	Chromohalobacter
Chromohalobacter salexigens	DSM 3043	30.0	290398	Bacteria	Pseudomonadota	Gammaproteobacteria	Oceanospirillales	Halomonadaceae	Chromohalobacter
Chromohalobacter salexigens	DSM 3043	30.0	290398	Bacteria	Pseudomonadota	Gammaproteobacteria	Oceanospirillales	Halomonadaceae	Chromohalobacter
Acinetobacter baylyi	ADP1	30.0	62977	Bacteria	Pseudomonadota	Gammaproteobacteria	Moraxellales	Moraxellaceae	Acinetobacter
Acinetobacter baylyi	ADP1	30.0	62977	Bacteria	Pseudomonadota	Gammaproteobacteria	Moraxellales	Moraxellaceae	Acinetobacter
Acinetobacter baylyi	ADP1	30.0	62977	Bacteria	Pseudomonadota	Gammaproteobacteria	Moraxellales	Moraxellaceae	Acinetobacter
Acinetobacter baylyi	ADP1	30.0	62977	Bacteria	Pseudomonadota	Gammaproteobacteria	Moraxellales	Moraxellaceae	Acinetobacter
Acinetobacter baylyi	ADP1	30.0	62977	Bacteria	Pseudomonadota	Gammaproteobacteria	Moraxellales	Moraxellaceae	Acinetobacter
Acinetobacter baylyi	ADP1	30.0	62977	Bacteria	Pseudomonadota	Gammaproteobacteria	Moraxellales	Moraxellaceae	Acinetobacter
Acinetobacter baylyi	ADP1	30.0	62977	Bacteria	Pseudomonadota	Gammaproteobacteria	Moraxellales	Moraxellaceae	Acinetobacter
Acinetobacter baylyi	ADP331	30.0	202950	Bacteria	Pseudomonadota	Gammaproteobacteria	Moraxellales	Moraxellaceae	Acinetobacter
Acinetobacter baylyi	ADP331	30.0	202950	Bacteria	Pseudomonadota	Gammaproteobacteria	Moraxellales	Moraxellaceae	Acinetobacter
Acinetobacter baylyi	ADP331	30.0	202950	Bacteria	Pseudomonadota	Gammaproteobacteria	Moraxellales	Moraxellaceae	Acinetobacter
Acinetobacter baylyi	ADP331	30.0	202950	Bacteria	Pseudomonadota	Gammaproteobacteria	Moraxellales	Moraxellaceae	Acinetobacter
Acinetobacter baylyi	ADP331	30.0	202950	Bacteria	Pseudomonadota	Gammaproteobacteria	Moraxellales	Moraxellaceae	Acinetobacter
Acinetobacter baylyi	ADP331	30.0	202950	Bacteria	Pseudomonadota	Gammaproteobacteria	Moraxellales	Moraxellaceae	Acinetobacter
Acinetobacter baylyi	ADP197	30.0	202950	Bacteria	Pseudomonadota	Gammaproteobacteria	Moraxellales	Moraxellaceae	Acinetobacter
Acinetobacter baylyi	ADP197	30.0	202950	Bacteria	Pseudomonadota	Gammaproteobacteria	Moraxellales	Moraxellaceae	Acinetobacter
Acinetobacter baylyi	ADP197	30.0	202950	Bacteria	Pseudomonadota	Gammaproteobacteria	Moraxellales	Moraxellaceae	Acinetobacter
Acinetobacter baylyi	ADP197	30.0	202950	Bacteria	Pseudomonadota	Gammaproteobacteria	Moraxellales	Moraxellaceae	Acinetobacter
Acinetobacter baylyi	ADP197	30.0	202950	Bacteria	Pseudomonadota	Gammaproteobacteria	Moraxellales	Moraxellaceae	Acinetobacter
Acinetobacter baylyi	ADP197	30.0	202950	Bacteria	Pseudomonadota	Gammaproteobacteria	Moraxellales	Moraxellaceae	Acinetobacter
Acinetobacter baylyi	ADPU331	30.0	202950	Bacteria	Pseudomonadota	Gammaproteobacteria	Moraxellales	Moraxellaceae	Acinetobacter
Acinetobacter baylyi	ADPU331	30.0	202950	Bacteria	Pseudomonadota	Gammaproteobacteria	Moraxellales	Moraxellaceae	Acinetobacter
Acinetobacter baylyi	ADPU331	30.0	202950	Bacteria	Pseudomonadota	Gammaproteobacteria	Moraxellales	Moraxellaceae	Acinetobacter
Acinetobacter baylyi	ADPU331	30.0	202950	Bacteria	Pseudomonadota	Gammaproteobacteria	Moraxellales	Moraxellaceae	Acinetobacter
Acinetobacter baylyi	ADPU331	30.0	202950	Bacteria	Pseudomonadota	Gammaproteobacteria	Moraxellales	Moraxellaceae	Acinetobacter
Acinetobacter baylyi	ADPU331	30.0	202950	Bacteria	Pseudomonadota	Gammaproteobacteria	Moraxellales	Moraxellaceae	Acinetobacter
Leishmania major	nan	25.0	5664	Eukaryota	Euglenozoa	Kinetoplastea	Trypanosomatida	Trypanosomatidae	Leishmania
Komagataella pastoris	DSMZ 70382	25.0	638632	Eukaryota	Ascomycota	Saccharomycetes	Saccharomycetales	Phaffomycetaceae	Komagataella
Yersinia pestis	EV76	37.0	632	Bacteria	Pseudomonadota	Gammaproteobacteria	Enterobacterales	Yersiniaceae	Yersinia
Yersinia pestis	EV76	37.0	632	Bacteria	Pseudomonadota	Gammaproteobacteria	Enterobacterales	Yersiniaceae	Yersinia
Yersinia pestis	EV76	37.0	632	Bacteria	Pseudomonadota	Gammaproteobacteria	Enterobacterales	Yersiniaceae	Yersinia
Yersinia pestis	EV76	37.0	632	Bacteria	Pseudomonadota	Gammaproteobacteria	Enterobacterales	Yersiniaceae	Yersinia
Yersinia pestis	EV76	37.0	632	Bacteria	Pseudomonadota	Gammaproteobacteria	Enterobacterales	Yersiniaceae	Yersinia
Yersinia pestis	EV76	37.0	632	Bacteria	Pseudomonadota	Gammaproteobacteria	Enterobacterales	Yersiniaceae	Yersinia
Yersinia pestis	EV76	37.0	632	Bacteria	Pseudomonadota	Gammaproteobacteria	Enterobacterales	Yersiniaceae	Yersinia
Yersinia pestis	EV76	37.0	632	Bacteria	Pseudomonadota	Gammaproteobacteria	Enterobacterales	Yersiniaceae	Yersinia
Yersinia pestis	EV76	37.0	632	Bacteria	Pseudomonadota	Gammaproteobacteria	Enterobacterales	Yersiniaceae	Yersinia
Yersinia pestis	EV76	37.0	632	Bacteria	Pseudomonadota	Gammaproteobacteria	Enterobacterales	Yersiniaceae	Yersinia
Yersinia pestis	EV76	37.0	632	Bacteria	Pseudomonadota	Gammaproteobacteria	Enterobacterales	Yersiniaceae	Yersinia
Yersinia pestis	EV76	37.0	632	Bacteria	Pseudomonadota	Gammaproteobacteria	Enterobacterales	Yersiniaceae	Yersinia
Yersinia pestis	EV76	37.0	632	Bacteria	Pseudomonadota	Gammaproteobacteria	Enterobacterales	Yersiniaceae	Yersinia
Yersinia pestis	EV76	37.0	632	Bacteria	Pseudomonadota	Gammaproteobacteria	Enterobacterales	Yersiniaceae	Yersinia
Yersinia pestis	EV76	37.0	632	Bacteria	Pseudomonadota	Gammaproteobacteria	Enterobacterales	Yersiniaceae	Yersinia
Pseudomonas aeruginosa	PA01	37.0	287	Bacteria	Pseudomonadota	Gammaproteobacteria	Pseudomonadales	Pseudomonadaceae	Pseudomonas
Chlamydomonas reinhardtii	nan	25.0	3055	Eukaryota	Chlorophyta	Chlorophyceae	Chlamydomonadales	Chlamydomonadaceae	Chlamydomonas
Chlamydomonas reinhardtii	nan	25.0	3055	Eukaryota	Chlorophyta	Chlorophyceae	Chlamydomonadales	Chlamydomonadaceae	Chlamydomonas
Chlamydomonas reinhardtii	nan	25.0	3055	Eukaryota	Chlorophyta	Chlorophyceae	Chlamydomonadales	Chlamydomonadaceae	Chlamydomonas
Yersinia pestis	EV76_Vwa+	37.0	632	Bacteria	Pseudomonadota	Gammaproteobacteria	Enterobacterales	Yersiniaceae	Yersinia
Yersinia pestis	EV76_Vwa+	37.0	632	Bacteria	Pseudomonadota	Gammaproteobacteria	Enterobacterales	Yersiniaceae	Yersinia
Yersinia pestis	EV76_Vwa+	37.0	632	Bacteria	Pseudomonadota	Gammaproteobacteria	Enterobacterales	Yersiniaceae	Yersinia
Yersinia pestis	EV76_Vwa+	37.0	632	Bacteria	Pseudomonadota	Gammaproteobacteria	Enterobacterales	Yersiniaceae	Yersinia
Yersinia pestis	EV76_Vwa+	37.0	632	Bacteria	Pseudomonadota	Gammaproteobacteria	Enterobacterales	Yersiniaceae	Yersinia
Yersinia pestis	EV76_Vwa+	37.0	632	Bacteria	Pseudomonadota	Gammaproteobacteria	Enterobacterales	Yersiniaceae	Yersinia
Yersinia pestis	EV76_Vwa+	37.0	632	Bacteria	Pseudomonadota	Gammaproteobacteria	Enterobacterales	Yersiniaceae	Yersinia
Yersinia pestis	EV76_Vwa+	37.0	632	Bacteria	Pseudomonadota	Gammaproteobacteria	Enterobacterales	Yersiniaceae	Yersinia
Yersinia pestis	EV76_Vwa+	37.0	632	Bacteria	Pseudomonadota	Gammaproteobacteria	Enterobacterales	Yersiniaceae	Yersinia
Yersinia pestis	EV76_Vwa+	37.0	632	Bacteria	Pseudomonadota	Gammaproteobacteria	Enterobacterales	Yersiniaceae	Yersinia
Yersinia pestis	EV76_Vwa+	37.0	632	Bacteria	Pseudomonadota	Gammaproteobacteria	Enterobacterales	Yersiniaceae	Yersinia
Yersinia pestis	EV76_Vwa+	37.0	632	Bacteria	Pseudomonadota	Gammaproteobacteria	Enterobacterales	Yersiniaceae	Yersinia
Yersinia pestis	EV76_Vwa+	37.0	632	Bacteria	Pseudomonadota	Gammaproteobacteria	Enterobacterales	Yersiniaceae	Yersinia
Yersinia pestis	EV76_Vwa+	37.0	632	Bacteria	Pseudomonadota	Gammaproteobacteria	Enterobacterales	Yersiniaceae	Yersinia
Yersinia pestis	EV76_Vwa+	37.0	632	Bacteria	Pseudomonadota	Gammaproteobacteria	Enterobacterales	Yersiniaceae	Yersinia
Yersinia pestis	EV76_Vwa+	37.0	632	Bacteria	Pseudomonadota	Gammaproteobacteria	Enterobacterales	Yersiniaceae	Yersinia
Yersinia pestis	EV76_Vwa+	37.0	632	Bacteria	Pseudomonadota	Gammaproteobacteria	Enterobacterales	Yersiniaceae	Yersinia
Yersinia pestis	EV76_Vwa+	37.0	632	Bacteria	Pseudomonadota	Gammaproteobacteria	Enterobacterales	Yersiniaceae	Yersinia
Yersinia pestis	EV76_Vwa+	37.0	632	Bacteria	Pseudomonadota	Gammaproteobacteria	Enterobacterales	Yersiniaceae	Yersinia
Yersinia pestis	EV76_Vwa+	37.0	632	Bacteria	Pseudomonadota	Gammaproteobacteria	Enterobacterales	Yersiniaceae	Yersinia
Yersinia pestis	EV76_Vwa+	37.0	632	Bacteria	Pseudomonadota	Gammaproteobacteria	Enterobacterales	Yersiniaceae	Yersinia
Yersinia pestis	EV76_Vwa+	37.0	632	Bacteria	Pseudomonadota	Gammaproteobacteria	Enterobacterales	Yersiniaceae	Yersinia
Yersinia pestis	EV76_Vwa+	37.0	632	Bacteria	Pseudomonadota	Gammaproteobacteria	Enterobacterales	Yersiniaceae	Yersinia
Yersinia pestis	EV76_Vwa+	37.0	632	Bacteria	Pseudomonadota	Gammaproteobacteria	Enterobacterales	Yersiniaceae	Yersinia
Yersinia pestis	EV76_Vwa+	37.0	632	Bacteria	Pseudomonadota	Gammaproteobacteria	Enterobacterales	Yersiniaceae	Yersinia
Yersinia pestis	EV76_Vwa+	37.0	632	Bacteria	Pseudomonadota	Gammaproteobacteria	Enterobacterales	Yersiniaceae	Yersinia
Yersinia pestis	EV76_Vwa+	37.0	632	Bacteria	Pseudomonadota	Gammaproteobacteria	Enterobacterales	Yersiniaceae	Yersinia
Yersinia pestis	EV76_Vwa+	37.0	632	Bacteria	Pseudomonadota	Gammaproteobacteria	Enterobacterales	Yersiniaceae	Yersinia
Yersinia pestis	EV76_Vwa+	37.0	632	Bacteria	Pseudomonadota	Gammaproteobacteria	Enterobacterales	Yersiniaceae	Yersinia
Yersinia pestis	EV76_Vwa+	37.0	632	Bacteria	Pseudomonadota	Gammaproteobacteria	Enterobacterales	Yersiniaceae	Yersinia
Porphyromonas gingivalis	W83	37.0	242619	Bacteria	Bacteroidota	Bacteroidia	Bacteroidales	Porphyromonadaceae	Porphyromonas
Porphyromonas gingivalis	W50	37.0	1125722	Bacteria	Bacteroidota	Bacteroidia	Bacteroidales	Porphyromonadaceae	Porphyromonas
Porphyromonas gingivalis	LH9	37.0	837	Bacteria	Bacteroidota	Bacteroidia	Bacteroidales	Porphyromonadaceae	Porphyromonas
Porphyromonas gingivalis	WPH15	37.0	837	Bacteria	Bacteroidota	Bacteroidia	Bacteroidales	Porphyromonadaceae	Porphyromonas
Porphyromonas gingivalis	WPH34	37.0	837	Bacteria	Bacteroidota	Bacteroidia	Bacteroidales	Porphyromonadaceae	Porphyromonas
Porphyromonas gingivalis	HG91	37.0	837	Bacteria	Bacteroidota	Bacteroidia	Bacteroidales	Porphyromonadaceae	Porphyromonas
Porphyromonas gingivalis	HG184	37.0	837	Bacteria	Bacteroidota	Bacteroidia	Bacteroidales	Porphyromonadaceae	Porphyromonas
Porphyromonas gingivalis	Hg185	37.0	837	Bacteria	Bacteroidota	Bacteroidia	Bacteroidales	Porphyromonadaceae	Porphyromonas
Clostridium acetobutylicum	P262	34.0	1488	Bacteria	Bacillota	Clostridia	Eubacteriales	Clostridiaceae	Clostridium
Clostridium acetobutylicum	ATCC 824	22.0	272562	Bacteria	Bacillota	Clostridia	Eubacteriales	Clostridiaceae	Clostridium
Clostridium acetobutylicum	ATCC 824	37.0	272562	Bacteria	Bacillota	Clostridia	Eubacteriales	Clostridiaceae	Clostridium
Clostridium acetobutylicum	ATCC 824	42.0	272562	Bacteria	Bacillota	Clostridia	Eubacteriales	Clostridiaceae	Clostridium
Clostridium acetobutylicum	ATCC 824	22.0	272562	Bacteria	Bacillota	Clostridia	Eubacteriales	Clostridiaceae	Clostridium
Clostridium acetobutylicum	ATCC 824	22.0	272562	Bacteria	Bacillota	Clostridia	Eubacteriales	Clostridiaceae	Clostridium
Clostridium acetobutylicum	ATCC 824	37.0	272562	Bacteria	Bacillota	Clostridia	Eubacteriales	Clostridiaceae	Clostridium
Clostridium acetobutylicum	ATCC 824	37.0	272562	Bacteria	Bacillota	Clostridia	Eubacteriales	Clostridiaceae	Clostridium
Clostridium acetobutylicum	ATCC 824	42.0	272562	Bacteria	Bacillota	Clostridia	Eubacteriales	Clostridiaceae	Clostridium
Clostridium acetobutylicum	SA-2	22.0	1488	Bacteria	Bacillota	Clostridia	Eubacteriales	Clostridiaceae	Clostridium
Clostridium acetobutylicum	SA-2	37.0	1488	Bacteria	Bacillota	Clostridia	Eubacteriales	Clostridiaceae	Clostridium
Clostridium acetobutylicum	SA-2	42.0	1488	Bacteria	Bacillota	Clostridia	Eubacteriales	Clostridiaceae	Clostridium
Clostridium acetobutylicum	SA-2	22.0	1488	Bacteria	Bacillota	Clostridia	Eubacteriales	Clostridiaceae	Clostridium
Clostridium acetobutylicum	SA-2	22.0	1488	Bacteria	Bacillota	Clostridia	Eubacteriales	Clostridiaceae	Clostridium
Clostridium acetobutylicum	SA-2	37.0	1488	Bacteria	Bacillota	Clostridia	Eubacteriales	Clostridiaceae	Clostridium
Clostridium acetobutylicum	SA-2	37.0	1488	Bacteria	Bacillota	Clostridia	Eubacteriales	Clostridiaceae	Clostridium
Clostridium acetobutylicum	SA-2	42.0	1488	Bacteria	Bacillota	Clostridia	Eubacteriales	Clostridiaceae	Clostridium
Klebsiella  pneumoniae	nan	37.0	573	Bacteria	Pseudomonadota	Gammaproteobacteria	Enterobacterales	Enterobacteriaceae	Klebsiella
Klebsiella  pneumoniae	nan	37.0	573	Bacteria	Pseudomonadota	Gammaproteobacteria	Enterobacterales	Enterobacteriaceae	Klebsiella
Klebsiella  pneumoniae	nan	37.0	573	Bacteria	Pseudomonadota	Gammaproteobacteria	Enterobacterales	Enterobacteriaceae	Klebsiella
Klebsiella  pneumoniae	nan	37.0	573	Bacteria	Pseudomonadota	Gammaproteobacteria	Enterobacterales	Enterobacteriaceae	Klebsiella
Klebsiella  pneumoniae	nan	37.0	573	Bacteria	Pseudomonadota	Gammaproteobacteria	Enterobacterales	Enterobacteriaceae	Klebsiella
Klebsiella  pneumoniae	nan	37.0	573	Bacteria	Pseudomonadota	Gammaproteobacteria	Enterobacterales	Enterobacteriaceae	Klebsiella
Klebsiella  pneumoniae	nan	37.0	573	Bacteria	Pseudomonadota	Gammaproteobacteria	Enterobacterales	Enterobacteriaceae	Klebsiella
Klebsiella  pneumoniae	nan	37.0	573	Bacteria	Pseudomonadota	Gammaproteobacteria	Enterobacterales	Enterobacteriaceae	Klebsiella
Klebsiella  pneumoniae	nan	37.0	573	Bacteria	Pseudomonadota	Gammaproteobacteria	Enterobacterales	Enterobacteriaceae	Klebsiella
Klebsiella  pneumoniae	nan	37.0	573	Bacteria	Pseudomonadota	Gammaproteobacteria	Enterobacterales	Enterobacteriaceae	Klebsiella
Klebsiella  pneumoniae	nan	30.0	573	Bacteria	Pseudomonadota	Gammaproteobacteria	Enterobacterales	Enterobacteriaceae	Klebsiella
Klebsiella  pneumoniae	nan	30.0	573	Bacteria	Pseudomonadota	Gammaproteobacteria	Enterobacterales	Enterobacteriaceae	Klebsiella
Klebsiella  pneumoniae	nan	30.0	573	Bacteria	Pseudomonadota	Gammaproteobacteria	Enterobacterales	Enterobacteriaceae	Klebsiella
Klebsiella  pneumoniae	nan	30.0	573	Bacteria	Pseudomonadota	Gammaproteobacteria	Enterobacterales	Enterobacteriaceae	Klebsiella
Klebsiella  pneumoniae	nan	30.0	573	Bacteria	Pseudomonadota	Gammaproteobacteria	Enterobacterales	Enterobacteriaceae	Klebsiella
Klebsiella  pneumoniae	nan	30.0	573	Bacteria	Pseudomonadota	Gammaproteobacteria	Enterobacterales	Enterobacteriaceae	Klebsiella
Escherichia coli	O157:H7 RIMD0509952	37.0	562	Bacteria	Pseudomonadota	Gammaproteobacteria	Enterobacterales	Enterobacteriaceae	Escherichia
Escherichia coli	O157:H7	37.0	83334	Bacteria	Pseudomonadota	Gammaproteobacteria	Enterobacterales	Enterobacteriaceae	Escherichia
Escherichia coli	ATCC 23794	37.0	562	Bacteria	Pseudomonadota	Gammaproteobacteria	Enterobacterales	Enterobacteriaceae	Escherichia
Escherichia coli	ATCC 23794	37.0	562	Bacteria	Pseudomonadota	Gammaproteobacteria	Enterobacterales	Enterobacteriaceae	Escherichia
Escherichia coli	ATCC 23794	37.0	562	Bacteria	Pseudomonadota	Gammaproteobacteria	Enterobacterales	Enterobacteriaceae	Escherichia
Escherichia coli	ATCC 23794	37.0	562	Bacteria	Pseudomonadota	Gammaproteobacteria	Enterobacterales	Enterobacteriaceae	Escherichia
Escherichia coli	JCL1225[pJF118]	37.0	562	Bacteria	Pseudomonadota	Gammaproteobacteria	Enterobacterales	Enterobacteriaceae	Escherichia
Escherichia coli	JCL1225[pPC201]	37.0	562	Bacteria	Pseudomonadota	Gammaproteobacteria	Enterobacterales	Enterobacteriaceae	Escherichia
Escherichia coli	JCL1535[pJF118]	37.0	562	Bacteria	Pseudomonadota	Gammaproteobacteria	Enterobacterales	Enterobacteriaceae	Escherichia
Escherichia coli	JCL1535[pPC201]	37.0	562	Bacteria	Pseudomonadota	Gammaproteobacteria	Enterobacterales	Enterobacteriaceae	Escherichia
Clostridium beijerinckii	NCIMB 8052	37.0	290402	Bacteria	Bacillota	Clostridia	Eubacteriales	Clostridiaceae	Clostridium
Escherichia coli	O157:H7 ATCC 43895	37.0	562	Bacteria	Pseudomonadota	Gammaproteobacteria	Enterobacterales	Enterobacteriaceae	Escherichia
Escherichia coli	O157:H7 ATCC 43895	37.0	562	Bacteria	Pseudomonadota	Gammaproteobacteria	Enterobacterales	Enterobacteriaceae	Escherichia
Escherichia coli	O157:H7 ATCC 43895	37.0	562	Bacteria	Pseudomonadota	Gammaproteobacteria	Enterobacterales	Enterobacteriaceae	Escherichia
Escherichia coli	O157:H7 ATCC 43895	37.0	562	Bacteria	Pseudomonadota	Gammaproteobacteria	Enterobacterales	Enterobacteriaceae	Escherichia
Escherichia coli	O157:H7 ATCC 43895	37.0	562	Bacteria	Pseudomonadota	Gammaproteobacteria	Enterobacterales	Enterobacteriaceae	Escherichia
Escherichia coli	O157:H7 ATCC 43895	37.0	562	Bacteria	Pseudomonadota	Gammaproteobacteria	Enterobacterales	Enterobacteriaceae	Escherichia
Escherichia coli	O157:H7 ATCC 43895	37.0	562	Bacteria	Pseudomonadota	Gammaproteobacteria	Enterobacterales	Enterobacteriaceae	Escherichia
Escherichia coli	O157:H7 ATCC 43895	37.0	562	Bacteria	Pseudomonadota	Gammaproteobacteria	Enterobacterales	Enterobacteriaceae	Escherichia
Escherichia coli	O157:H7 ATCC 43895	37.0	562	Bacteria	Pseudomonadota	Gammaproteobacteria	Enterobacterales	Enterobacteriaceae	Escherichia
Escherichia coli	HB101	37.0	634468	Bacteria	Pseudomonadota	Gammaproteobacteria	Enterobacterales	Enterobacteriaceae	Escherichia
Escherichia coli	HB101	37.0	634468	Bacteria	Pseudomonadota	Gammaproteobacteria	Enterobacterales	Enterobacteriaceae	Escherichia
Escherichia coli	HB101	37.0	634468	Bacteria	Pseudomonadota	Gammaproteobacteria	Enterobacterales	Enterobacteriaceae	Escherichia
Escherichia coli	HB101	37.0	634468	Bacteria	Pseudomonadota	Gammaproteobacteria	Enterobacterales	Enterobacteriaceae	Escherichia
Escherichia coli	HB101	37.0	634468	Bacteria	Pseudomonadota	Gammaproteobacteria	Enterobacterales	Enterobacteriaceae	Escherichia
Escherichia coli	HB101	37.0	634468	Bacteria	Pseudomonadota	Gammaproteobacteria	Enterobacterales	Enterobacteriaceae	Escherichia
Escherichia coli	HB101	37.0	634468	Bacteria	Pseudomonadota	Gammaproteobacteria	Enterobacterales	Enterobacteriaceae	Escherichia
Escherichia coli	HB101	37.0	634468	Bacteria	Pseudomonadota	Gammaproteobacteria	Enterobacterales	Enterobacteriaceae	Escherichia
Escherichia coli	HB101	37.0	634468	Bacteria	Pseudomonadota	Gammaproteobacteria	Enterobacterales	Enterobacteriaceae	Escherichia
Escherichia coli	HB101	37.0	634468	Bacteria	Pseudomonadota	Gammaproteobacteria	Enterobacterales	Enterobacteriaceae	Escherichia
Escherichia coli	JM109	30.0	562	Bacteria	Pseudomonadota	Gammaproteobacteria	Enterobacterales	Enterobacteriaceae	Escherichia
Escherichia coli	JM109	37.0	562	Bacteria	Pseudomonadota	Gammaproteobacteria	Enterobacterales	Enterobacteriaceae	Escherichia
Escherichia coli	JM109	37.0	562	Bacteria	Pseudomonadota	Gammaproteobacteria	Enterobacterales	Enterobacteriaceae	Escherichia
Escherichia coli	JM109[pEcoR4,pRK248cI,pMTC48]	30.0	562	Bacteria	Pseudomonadota	Gammaproteobacteria	Enterobacterales	Enterobacteriaceae	Escherichia
Escherichia coli	JM109[pUC 13]	37.0	562	Bacteria	Pseudomonadota	Gammaproteobacteria	Enterobacterales	Enterobacteriaceae	Escherichia
Escherichia coli	JM109[pUC 13]	37.0	562	Bacteria	Pseudomonadota	Gammaproteobacteria	Enterobacterales	Enterobacteriaceae	Escherichia
Escherichia coli	JM109[pUC 13]	37.0	562	Bacteria	Pseudomonadota	Gammaproteobacteria	Enterobacterales	Enterobacteriaceae	Escherichia
Escherichia coli	JM109[pUC 13]	37.0	562	Bacteria	Pseudomonadota	Gammaproteobacteria	Enterobacterales	Enterobacteriaceae	Escherichia
Escherichia coli	JM109[pUC 13]	37.0	562	Bacteria	Pseudomonadota	Gammaproteobacteria	Enterobacterales	Enterobacteriaceae	Escherichia
Escherichia coli	BW25113	37.0	562	Bacteria	Pseudomonadota	Gammaproteobacteria	Enterobacterales	Enterobacteriaceae	Escherichia
Escherichia coli	BW25113	37.0	562	Bacteria	Pseudomonadota	Gammaproteobacteria	Enterobacterales	Enterobacteriaceae	Escherichia
Escherichia coli	BW25113	37.0	562	Bacteria	Pseudomonadota	Gammaproteobacteria	Enterobacterales	Enterobacteriaceae	Escherichia
Escherichia coli	BW25113	37.0	562	Bacteria	Pseudomonadota	Gammaproteobacteria	Enterobacterales	Enterobacteriaceae	Escherichia
Escherichia coli	BW25113	37.0	562	Bacteria	Pseudomonadota	Gammaproteobacteria	Enterobacterales	Enterobacteriaceae	Escherichia
Escherichia coli	BW25113	37.0	562	Bacteria	Pseudomonadota	Gammaproteobacteria	Enterobacterales	Enterobacteriaceae	Escherichia
Escherichia coli	BW25113	37.0	562	Bacteria	Pseudomonadota	Gammaproteobacteria	Enterobacterales	Enterobacteriaceae	Escherichia
Escherichia coli	BW25113_pflA-	37.0	562	Bacteria	Pseudomonadota	Gammaproteobacteria	Enterobacterales	Enterobacteriaceae	Escherichia
Escherichia coli	BW25113_pta-	37.0	562	Bacteria	Pseudomonadota	Gammaproteobacteria	Enterobacterales	Enterobacteriaceae	Escherichia
Escherichia coli	BW25113_ppc-	37.0	562	Bacteria	Pseudomonadota	Gammaproteobacteria	Enterobacterales	Enterobacteriaceae	Escherichia
Escherichia coli	BW25113_ppc-	37.0	562	Bacteria	Pseudomonadota	Gammaproteobacteria	Enterobacterales	Enterobacteriaceae	Escherichia
Escherichia coli	BW25113_adhE-	37.0	562	Bacteria	Pseudomonadota	Gammaproteobacteria	Enterobacterales	Enterobacteriaceae	Escherichia
Escherichia coli	BW25113_pykF-	37.0	562	Bacteria	Pseudomonadota	Gammaproteobacteria	Enterobacterales	Enterobacteriaceae	Escherichia
Escherichia coli	BW25113_pflB-	37.0	562	Bacteria	Pseudomonadota	Gammaproteobacteria	Enterobacterales	Enterobacteriaceae	Escherichia
Escherichia coli	BW25113_gnd-	37.0	562	Bacteria	Pseudomonadota	Gammaproteobacteria	Enterobacterales	Enterobacteriaceae	Escherichia
Escherichia coli	BW25113_gnd-	37.0	562	Bacteria	Pseudomonadota	Gammaproteobacteria	Enterobacterales	Enterobacteriaceae	Escherichia
Escherichia coli	BW25113_zwf-	37.0	562	Bacteria	Pseudomonadota	Gammaproteobacteria	Enterobacterales	Enterobacteriaceae	Escherichia
Escherichia coli	BW25113_zwf-	37.0	562	Bacteria	Pseudomonadota	Gammaproteobacteria	Enterobacterales	Enterobacteriaceae	Escherichia
Escherichia coli	BW25113_zwf-	37.0	562	Bacteria	Pseudomonadota	Gammaproteobacteria	Enterobacterales	Enterobacteriaceae	Escherichia
Escherichia coli	BW25113_zwf-	37.0	562	Bacteria	Pseudomonadota	Gammaproteobacteria	Enterobacterales	Enterobacteriaceae	Escherichia
Escherichia coli	K-10	37.0	562	Bacteria	Pseudomonadota	Gammaproteobacteria	Enterobacterales	Enterobacteriaceae	Escherichia
Escherichia coli	K-10	37.0	562	Bacteria	Pseudomonadota	Gammaproteobacteria	Enterobacterales	Enterobacteriaceae	Escherichia
Escherichia coli	MG1655 / pKB2	37.0	562	Bacteria	Pseudomonadota	Gammaproteobacteria	Enterobacterales	Enterobacteriaceae	Escherichia
Escherichia coli	MG1655 / pKB2	37.0	562	Bacteria	Pseudomonadota	Gammaproteobacteria	Enterobacterales	Enterobacteriaceae	Escherichia
Escherichia coli	MG1655 / pKB2	37.0	562	Bacteria	Pseudomonadota	Gammaproteobacteria	Enterobacterales	Enterobacteriaceae	Escherichia
Escherichia coli	MG1655 / pKB2	37.0	562	Bacteria	Pseudomonadota	Gammaproteobacteria	Enterobacterales	Enterobacteriaceae	Escherichia
Escherichia coli	VH1000 :: ppcnB-lacZ	37.0	562	Bacteria	Pseudomonadota	Gammaproteobacteria	Enterobacterales	Enterobacteriaceae	Escherichia
Escherichia coli	VH1000 :: ppcnB-lacZ	37.0	562	Bacteria	Pseudomonadota	Gammaproteobacteria	Enterobacterales	Enterobacteriaceae	Escherichia
Escherichia coli	VH1000 :: ppcnB-lacZ	37.0	562	Bacteria	Pseudomonadota	Gammaproteobacteria	Enterobacterales	Enterobacteriaceae	Escherichia
Escherichia coli	VH1000 :: ppcnB-lacZ	37.0	562	Bacteria	Pseudomonadota	Gammaproteobacteria	Enterobacterales	Enterobacteriaceae	Escherichia
Escherichia coli	MG1655[pBR322]	37.0	562	Bacteria	Pseudomonadota	Gammaproteobacteria	Enterobacterales	Enterobacteriaceae	Escherichia
Escherichia coli	MG1655[pBR322]	37.0	562	Bacteria	Pseudomonadota	Gammaproteobacteria	Enterobacterales	Enterobacteriaceae	Escherichia
Escherichia coli	MG1655[pPP1]	37.0	562	Bacteria	Pseudomonadota	Gammaproteobacteria	Enterobacterales	Enterobacteriaceae	Escherichia
Escherichia coli	MG1655[pPP1]	37.0	562	Bacteria	Pseudomonadota	Gammaproteobacteria	Enterobacterales	Enterobacteriaceae	Escherichia
Escherichia coli	W3110[pBR322]	37.0	562	Bacteria	Pseudomonadota	Gammaproteobacteria	Enterobacterales	Enterobacteriaceae	Escherichia
Escherichia coli	W3110[pBR322]	37.0	562	Bacteria	Pseudomonadota	Gammaproteobacteria	Enterobacterales	Enterobacteriaceae	Escherichia
Escherichia coli	W3110[pPP1]	37.0	562	Bacteria	Pseudomonadota	Gammaproteobacteria	Enterobacterales	Enterobacteriaceae	Escherichia
Escherichia coli	W3110[pPP1]	37.0	562	Bacteria	Pseudomonadota	Gammaproteobacteria	Enterobacterales	Enterobacteriaceae	Escherichia
Thermotoga maritima	nan	85.0	2336	Bacteria	Thermotogota	Thermotogae	Thermotogales	Thermotogaceae	Thermotoga
Escherichia coli	ML30G	37.0	562	Bacteria	Pseudomonadota	Gammaproteobacteria	Enterobacterales	Enterobacteriaceae	Escherichia
Escherichia coli	TS689	37.0	562	Bacteria	Pseudomonadota	Gammaproteobacteria	Enterobacterales	Enterobacteriaceae	Escherichia
Escherichia coli	K-12	37.0	83333	Bacteria	Pseudomonadota	Gammaproteobacteria	Enterobacterales	Enterobacteriaceae	Escherichia
Salmonella enterica	Typhimurium LT2	37.0	28901	Bacteria	Pseudomonadota	Gammaproteobacteria	Enterobacterales	Enterobacteriaceae	Salmonella
Salmonella enterica	Typhimurium LT2	37.0	28901	Bacteria	Pseudomonadota	Gammaproteobacteria	Enterobacterales	Enterobacteriaceae	Salmonella
Escherichia coli	MG1655	37.0	562	Bacteria	Pseudomonadota	Gammaproteobacteria	Enterobacterales	Enterobacteriaceae	Escherichia
Escherichia coli	MG1655	37.0	562	Bacteria	Pseudomonadota	Gammaproteobacteria	Enterobacterales	Enterobacteriaceae	Escherichia
Escherichia coli	MDS12	37.0	562	Bacteria	Pseudomonadota	Gammaproteobacteria	Enterobacterales	Enterobacteriaceae	Escherichia
Escherichia coli	W3110	37.0	562	Bacteria	Pseudomonadota	Gammaproteobacteria	Enterobacterales	Enterobacteriaceae	Escherichia
Escherichia coli	W3110	37.0	562	Bacteria	Pseudomonadota	Gammaproteobacteria	Enterobacterales	Enterobacteriaceae	Escherichia
Escherichia coli	W3110	37.0	562	Bacteria	Pseudomonadota	Gammaproteobacteria	Enterobacterales	Enterobacteriaceae	Escherichia
Escherichia coli	JM101	37.0	562	Bacteria	Pseudomonadota	Gammaproteobacteria	Enterobacterales	Enterobacteriaceae	Escherichia
Escherichia coli	K-10_Zwf-	37.0	562	Bacteria	Pseudomonadota	Gammaproteobacteria	Enterobacterales	Enterobacteriaceae	Escherichia
Escherichia coli	W3110_Pgi-	37.0	562	Bacteria	Pseudomonadota	Gammaproteobacteria	Enterobacterales	Enterobacteriaceae	Escherichia
Escherichia coli	K-10_PfkA-	37.0	562	Bacteria	Pseudomonadota	Gammaproteobacteria	Enterobacterales	Enterobacteriaceae	Escherichia
Escherichia coli	JM101_PykAF-	37.0	562	Bacteria	Pseudomonadota	Gammaproteobacteria	Enterobacterales	Enterobacteriaceae	Escherichia
Escherichia coli	K-12_Mae-_Pck-	37.0	562	Bacteria	Pseudomonadota	Gammaproteobacteria	Enterobacterales	Enterobacteriaceae	Escherichia
Escherichia coli	MG1655_SdhA-_Mdh-	37.0	562	Bacteria	Pseudomonadota	Gammaproteobacteria	Enterobacterales	Enterobacteriaceae	Escherichia
Escherichia coli	K-12_FumA-	37.0	562	Bacteria	Pseudomonadota	Gammaproteobacteria	Enterobacterales	Enterobacteriaceae	Escherichia
Rhizobium etli	CE3	28.0	29449	Bacteria	Pseudomonadota	Alphaproteobacteria	Hyphomicrobiales	Rhizobiaceae	Rhizobium
Rhizobium etli	CE3	28.0	29449	Bacteria	Pseudomonadota	Alphaproteobacteria	Hyphomicrobiales	Rhizobiaceae	Rhizobium
Rhizobium etli	CE3	28.0	29449	Bacteria	Pseudomonadota	Alphaproteobacteria	Hyphomicrobiales	Rhizobiaceae	Rhizobium
Rhizobium etli	CE3	28.0	29449	Bacteria	Pseudomonadota	Alphaproteobacteria	Hyphomicrobiales	Rhizobiaceae	Rhizobium
Rhizobium etli	CE3	28.0	29449	Bacteria	Pseudomonadota	Alphaproteobacteria	Hyphomicrobiales	Rhizobiaceae	Rhizobium
Rhizobium etli	CE3	28.0	29449	Bacteria	Pseudomonadota	Alphaproteobacteria	Hyphomicrobiales	Rhizobiaceae	Rhizobium
Rhizobium etli	CE3	28.0	29449	Bacteria	Pseudomonadota	Alphaproteobacteria	Hyphomicrobiales	Rhizobiaceae	Rhizobium
Rhizobium etli	CE3	28.0	29449	Bacteria	Pseudomonadota	Alphaproteobacteria	Hyphomicrobiales	Rhizobiaceae	Rhizobium
Rhizobium etli	dec/53	28.0	29449	Bacteria	Pseudomonadota	Alphaproteobacteria	Hyphomicrobiales	Rhizobiaceae	Rhizobium
Rhizobium etli	dec/53	28.0	29449	Bacteria	Pseudomonadota	Alphaproteobacteria	Hyphomicrobiales	Rhizobiaceae	Rhizobium
Rhizobium etli	dec/53	28.0	29449	Bacteria	Pseudomonadota	Alphaproteobacteria	Hyphomicrobiales	Rhizobiaceae	Rhizobium
Rhizobium etli	dec/53	28.0	29449	Bacteria	Pseudomonadota	Alphaproteobacteria	Hyphomicrobiales	Rhizobiaceae	Rhizobium
Rhizobium etli	dec/53	28.0	29449	Bacteria	Pseudomonadota	Alphaproteobacteria	Hyphomicrobiales	Rhizobiaceae	Rhizobium
Clostridium thermocellum	ATCC 27405	60.0	203119	Bacteria	Bacillota	Clostridia	Eubacteriales	Oscillospiraceae	Acetivibrio
Escherichia coli	MC4100	37.0	562	Bacteria	Pseudomonadota	Gammaproteobacteria	Enterobacterales	Enterobacteriaceae	Escherichia
Escherichia coli	MC4100	37.0	562	Bacteria	Pseudomonadota	Gammaproteobacteria	Enterobacterales	Enterobacteriaceae	Escherichia
Escherichia coli	MC4100	37.0	562	Bacteria	Pseudomonadota	Gammaproteobacteria	Enterobacterales	Enterobacteriaceae	Escherichia
Escherichia coli	MC4100	37.0	562	Bacteria	Pseudomonadota	Gammaproteobacteria	Enterobacterales	Enterobacteriaceae	Escherichia
Escherichia coli	MC4100	37.0	562	Bacteria	Pseudomonadota	Gammaproteobacteria	Enterobacterales	Enterobacteriaceae	Escherichia
Escherichia coli	MC4100	37.0	562	Bacteria	Pseudomonadota	Gammaproteobacteria	Enterobacterales	Enterobacteriaceae	Escherichia
Escherichia coli	MC4100	37.0	562	Bacteria	Pseudomonadota	Gammaproteobacteria	Enterobacterales	Enterobacteriaceae	Escherichia
Escherichia coli	MC4100	37.0	562	Bacteria	Pseudomonadota	Gammaproteobacteria	Enterobacterales	Enterobacteriaceae	Escherichia
Rhizobium etli	M4	28.0	29449	Bacteria	Pseudomonadota	Alphaproteobacteria	Hyphomicrobiales	Rhizobiaceae	Rhizobium
Rhizobium etli	M4	28.0	29449	Bacteria	Pseudomonadota	Alphaproteobacteria	Hyphomicrobiales	Rhizobiaceae	Rhizobium
Rhizobium etli	M4	28.0	29449	Bacteria	Pseudomonadota	Alphaproteobacteria	Hyphomicrobiales	Rhizobiaceae	Rhizobium
Rhizobium etli	Viking 1	28.0	29449	Bacteria	Pseudomonadota	Alphaproteobacteria	Hyphomicrobiales	Rhizobiaceae	Rhizobium
Rhizobium etli	Viking 1	28.0	29449	Bacteria	Pseudomonadota	Alphaproteobacteria	Hyphomicrobiales	Rhizobiaceae	Rhizobium
Rhizobium etli	Viking 1	28.0	29449	Bacteria	Pseudomonadota	Alphaproteobacteria	Hyphomicrobiales	Rhizobiaceae	Rhizobium
Rhizobium etli	CIAT613	28.0	29449	Bacteria	Pseudomonadota	Alphaproteobacteria	Hyphomicrobiales	Rhizobiaceae	Rhizobium
Rhizobium etli	CIAT613	28.0	29449	Bacteria	Pseudomonadota	Alphaproteobacteria	Hyphomicrobiales	Rhizobiaceae	Rhizobium
Rhizobium etli	CIAT613	28.0	29449	Bacteria	Pseudomonadota	Alphaproteobacteria	Hyphomicrobiales	Rhizobiaceae	Rhizobium
Rhizobium etli	CFN42	28.0	29449	Bacteria	Pseudomonadota	Alphaproteobacteria	Hyphomicrobiales	Rhizobiaceae	Rhizobium
Rhizobium etli	CFN42	28.0	29449	Bacteria	Pseudomonadota	Alphaproteobacteria	Hyphomicrobiales	Rhizobiaceae	Rhizobium
Rhizobium etli	ReTV1	28.0	29449	Bacteria	Pseudomonadota	Alphaproteobacteria	Hyphomicrobiales	Rhizobiaceae	Rhizobium
Rhizobium etli	ReTV1	28.0	29449	Bacteria	Pseudomonadota	Alphaproteobacteria	Hyphomicrobiales	Rhizobiaceae	Rhizobium
Rhizobium etli	ReTV2	28.0	29449	Bacteria	Pseudomonadota	Alphaproteobacteria	Hyphomicrobiales	Rhizobiaceae	Rhizobium
Rhizobium etli	ReTV2	28.0	29449	Bacteria	Pseudomonadota	Alphaproteobacteria	Hyphomicrobiales	Rhizobiaceae	Rhizobium
Rhizobium etli	CFNX186	28.0	29449	Bacteria	Pseudomonadota	Alphaproteobacteria	Hyphomicrobiales	Rhizobiaceae	Rhizobium
Rhizobium etli	CFNX186	28.0	29449	Bacteria	Pseudomonadota	Alphaproteobacteria	Hyphomicrobiales	Rhizobiaceae	Rhizobium
Rhizobium etli	CFNX186-4	28.0	29449	Bacteria	Pseudomonadota	Alphaproteobacteria	Hyphomicrobiales	Rhizobiaceae	Rhizobium
Rhizobium etli	CFNX186-4	28.0	29449	Bacteria	Pseudomonadota	Alphaproteobacteria	Hyphomicrobiales	Rhizobiaceae	Rhizobium
Rhizobium etli	CFNX186-24	28.0	29449	Bacteria	Pseudomonadota	Alphaproteobacteria	Hyphomicrobiales	Rhizobiaceae	Rhizobium
Rhizobium etli	CFNX186-24	28.0	29449	Bacteria	Pseudomonadota	Alphaproteobacteria	Hyphomicrobiales	Rhizobiaceae	Rhizobium
Vibrio vulnificus	C7184	37.0	672	Bacteria	Pseudomonadota	Gammaproteobacteria	Vibrionales	Vibrionaceae	Vibrio
Vibrio vulnificus	C7184	37.0	672	Bacteria	Pseudomonadota	Gammaproteobacteria	Vibrionales	Vibrionaceae	Vibrio
Natronomonas pharaonis	DSM 2160	40.0	348780	Archaea	Euryarchaeota	Halobacteria	Halobacteriales	Haloarculaceae	Natronomonas
Bacillus subtilis	168	37.0	1423	Bacteria	Bacillota	Bacilli	Bacillales	Bacillaceae	Bacillus
Bacillus subtilis	168	37.0	1423	Bacteria	Bacillota	Bacilli	Bacillales	Bacillaceae	Bacillus
Bacillus subtilis	168	37.0	1423	Bacteria	Bacillota	Bacilli	Bacillales	Bacillaceae	Bacillus
Bacillus subtilis	168	37.0	1423	Bacteria	Bacillota	Bacilli	Bacillales	Bacillaceae	Bacillus
Bacillus subtilis	168	37.0	1423	Bacteria	Bacillota	Bacilli	Bacillales	Bacillaceae	Bacillus
Bacillus subtilis	168	37.0	1423	Bacteria	Bacillota	Bacilli	Bacillales	Bacillaceae	Bacillus
Bacillus subtilis	168	37.0	1423	Bacteria	Bacillota	Bacilli	Bacillales	Bacillaceae	Bacillus
Escherichia coli	BL21(DE3)	37.0	469008	Bacteria	Pseudomonadota	Gammaproteobacteria	Enterobacterales	Enterobacteriaceae	Escherichia
Escherichia coli	BL21(DE3)	37.0	469008	Bacteria	Pseudomonadota	Gammaproteobacteria	Enterobacterales	Enterobacteriaceae	Escherichia
Escherichia coli	BL21(DE3)	37.0	469008	Bacteria	Pseudomonadota	Gammaproteobacteria	Enterobacterales	Enterobacteriaceae	Escherichia
Escherichia coli	BL21(DE3)	37.0	469008	Bacteria	Pseudomonadota	Gammaproteobacteria	Enterobacterales	Enterobacteriaceae	Escherichia
Escherichia coli	BL21	37.0	511693	Bacteria	Pseudomonadota	Gammaproteobacteria	Enterobacterales	Enterobacteriaceae	Escherichia
Escherichia coli	BL21	37.0	511693	Bacteria	Pseudomonadota	Gammaproteobacteria	Enterobacterales	Enterobacteriaceae	Escherichia
Escherichia coli	BL21	37.0	511693	Bacteria	Pseudomonadota	Gammaproteobacteria	Enterobacterales	Enterobacteriaceae	Escherichia
Escherichia coli	BL21	37.0	511693	Bacteria	Pseudomonadota	Gammaproteobacteria	Enterobacterales	Enterobacteriaceae	Escherichia
Pseudomonas putida	KT2440	30.0	160488	Bacteria	Pseudomonadota	Gammaproteobacteria	Pseudomonadales	Pseudomonadaceae	Pseudomonas
Pseudomonas putida	KT2440	30.0	160488	Bacteria	Pseudomonadota	Gammaproteobacteria	Pseudomonadales	Pseudomonadaceae	Pseudomonas
Pseudomonas putida	KT2440	30.0	160488	Bacteria	Pseudomonadota	Gammaproteobacteria	Pseudomonadales	Pseudomonadaceae	Pseudomonas
Pseudomonas putida	KT2440	30.0	160488	Bacteria	Pseudomonadota	Gammaproteobacteria	Pseudomonadales	Pseudomonadaceae	Pseudomonas
Pseudomonas putida	KT2440	30.0	160488	Bacteria	Pseudomonadota	Gammaproteobacteria	Pseudomonadales	Pseudomonadaceae	Pseudomonas
Bacillus subtilis	1S53	37.0	1423	Bacteria	Bacillota	Bacilli	Bacillales	Bacillaceae	Bacillus
Bacillus subtilis	1S53	37.0	1423	Bacteria	Bacillota	Bacilli	Bacillales	Bacillaceae	Bacillus
Bacillus subtilis	1S53	37.0	1423	Bacteria	Bacillota	Bacilli	Bacillales	Bacillaceae	Bacillus
Bacillus subtilis	1S53	37.0	1423	Bacteria	Bacillota	Bacilli	Bacillales	Bacillaceae	Bacillus
Bacillus subtilis	1S53	37.0	1423	Bacteria	Bacillota	Bacilli	Bacillales	Bacillaceae	Bacillus
Bradyrhizobium japonicum	USDA 110	28.0	375	Bacteria	Pseudomonadota	Alphaproteobacteria	Hyphomicrobiales	Nitrobacteraceae	Bradyrhizobium
Bradyrhizobium japonicum	USDA 110	28.0	375	Bacteria	Pseudomonadota	Alphaproteobacteria	Hyphomicrobiales	Nitrobacteraceae	Bradyrhizobium
Bradyrhizobium japonicum	USDA 110	28.0	375	Bacteria	Pseudomonadota	Alphaproteobacteria	Hyphomicrobiales	Nitrobacteraceae	Bradyrhizobium
Hydrogenobacter thermophilus	TK-6	70.0	608538	Bacteria	Aquificota	Aquificae	Aquificales	Aquificaceae	Hydrogenobacter
Hydrogenobacter thermophilus	TK-6	70.0	608538	Bacteria	Aquificota	Aquificae	Aquificales	Aquificaceae	Hydrogenobacter
Hydrogenobacter thermophilus	TK-6	70.0	608538	Bacteria	Aquificota	Aquificae	Aquificales	Aquificaceae	Hydrogenobacter
Salmonella enterica	Typhimurium	37.0	28901	Bacteria	Pseudomonadota	Gammaproteobacteria	Enterobacterales	Enterobacteriaceae	Salmonella
Salmonella enterica	Typhimurium	37.0	28901	Bacteria	Pseudomonadota	Gammaproteobacteria	Enterobacterales	Enterobacteriaceae	Salmonella
Salmonella enterica	Typhimurium	37.0	28901	Bacteria	Pseudomonadota	Gammaproteobacteria	Enterobacterales	Enterobacteriaceae	Salmonella
Salmonella enterica	Typhimurium	37.0	28901	Bacteria	Pseudomonadota	Gammaproteobacteria	Enterobacterales	Enterobacteriaceae	Salmonella
Salmonella enterica	Typhimurium	37.0	28901	Bacteria	Pseudomonadota	Gammaproteobacteria	Enterobacterales	Enterobacteriaceae	Salmonella
Salmonella enterica	Typhimurium	37.0	28901	Bacteria	Pseudomonadota	Gammaproteobacteria	Enterobacterales	Enterobacteriaceae	Salmonella
Salmonella enterica	Typhimurium	37.0	28901	Bacteria	Pseudomonadota	Gammaproteobacteria	Enterobacterales	Enterobacteriaceae	Salmonella
Salmonella enterica	Typhimurium	37.0	28901	Bacteria	Pseudomonadota	Gammaproteobacteria	Enterobacterales	Enterobacteriaceae	Salmonella
Salmonella enterica	Typhimurium	37.0	28901	Bacteria	Pseudomonadota	Gammaproteobacteria	Enterobacterales	Enterobacteriaceae	Salmonella
Salmonella enterica	Typhimurium	37.0	28901	Bacteria	Pseudomonadota	Gammaproteobacteria	Enterobacterales	Enterobacteriaceae	Salmonella
Salmonella enterica	Typhimurium	37.0	28901	Bacteria	Pseudomonadota	Gammaproteobacteria	Enterobacterales	Enterobacteriaceae	Salmonella
Salmonella enterica	Typhimurium	37.0	28901	Bacteria	Pseudomonadota	Gammaproteobacteria	Enterobacterales	Enterobacteriaceae	Salmonella
Salmonella enterica	Typhimurium	37.0	28901	Bacteria	Pseudomonadota	Gammaproteobacteria	Enterobacterales	Enterobacteriaceae	Salmonella
Salmonella enterica	Typhimurium	37.0	28901	Bacteria	Pseudomonadota	Gammaproteobacteria	Enterobacterales	Enterobacteriaceae	Salmonella
Salmonella enterica	Typhimurium	37.0	28901	Bacteria	Pseudomonadota	Gammaproteobacteria	Enterobacterales	Enterobacteriaceae	Salmonella
Salmonella enterica	Typhimurium	37.0	28901	Bacteria	Pseudomonadota	Gammaproteobacteria	Enterobacterales	Enterobacteriaceae	Salmonella
Salmonella enterica	Typhimurium	37.0	28901	Bacteria	Pseudomonadota	Gammaproteobacteria	Enterobacterales	Enterobacteriaceae	Salmonella
Salmonella enterica	Typhimurium	37.0	28901	Bacteria	Pseudomonadota	Gammaproteobacteria	Enterobacterales	Enterobacteriaceae	Salmonella
Salmonella enterica	Typhimurium	37.0	28901	Bacteria	Pseudomonadota	Gammaproteobacteria	Enterobacterales	Enterobacteriaceae	Salmonella
Salmonella enterica	Typhimurium	37.0	28901	Bacteria	Pseudomonadota	Gammaproteobacteria	Enterobacterales	Enterobacteriaceae	Salmonella
Salmonella enterica	Typhimurium	37.0	28901	Bacteria	Pseudomonadota	Gammaproteobacteria	Enterobacterales	Enterobacteriaceae	Salmonella
Salmonella enterica	Typhimurium	37.0	28901	Bacteria	Pseudomonadota	Gammaproteobacteria	Enterobacterales	Enterobacteriaceae	Salmonella
Salmonella enterica	Typhimurium	37.0	28901	Bacteria	Pseudomonadota	Gammaproteobacteria	Enterobacterales	Enterobacteriaceae	Salmonella
Salmonella enterica	Typhimurium	37.0	28901	Bacteria	Pseudomonadota	Gammaproteobacteria	Enterobacterales	Enterobacteriaceae	Salmonella
Salmonella enterica	Typhimurium	37.0	28901	Bacteria	Pseudomonadota	Gammaproteobacteria	Enterobacterales	Enterobacteriaceae	Salmonella
Salmonella enterica	Typhimurium	37.0	28901	Bacteria	Pseudomonadota	Gammaproteobacteria	Enterobacterales	Enterobacteriaceae	Salmonella
Salmonella enterica	Typhimurium	37.0	28901	Bacteria	Pseudomonadota	Gammaproteobacteria	Enterobacterales	Enterobacteriaceae	Salmonella
Salmonella enterica	Typhimurium	37.0	28901	Bacteria	Pseudomonadota	Gammaproteobacteria	Enterobacterales	Enterobacteriaceae	Salmonella
Salmonella enterica	Typhimurium	37.0	28901	Bacteria	Pseudomonadota	Gammaproteobacteria	Enterobacterales	Enterobacteriaceae	Salmonella
Salmonella enterica	Typhimurium	37.0	28901	Bacteria	Pseudomonadota	Gammaproteobacteria	Enterobacterales	Enterobacteriaceae	Salmonella
Salmonella enterica	Typhimurium	37.0	28901	Bacteria	Pseudomonadota	Gammaproteobacteria	Enterobacterales	Enterobacteriaceae	Salmonella
Salmonella enterica	Typhimurium	37.0	28901	Bacteria	Pseudomonadota	Gammaproteobacteria	Enterobacterales	Enterobacteriaceae	Salmonella
Salmonella enterica	Typhimurium	37.0	28901	Bacteria	Pseudomonadota	Gammaproteobacteria	Enterobacterales	Enterobacteriaceae	Salmonella
Salmonella enterica	Typhimurium	37.0	28901	Bacteria	Pseudomonadota	Gammaproteobacteria	Enterobacterales	Enterobacteriaceae	Salmonella
Salmonella enterica	Typhimurium	37.0	28901	Bacteria	Pseudomonadota	Gammaproteobacteria	Enterobacterales	Enterobacteriaceae	Salmonella
Salmonella enterica	Typhimurium	37.0	28901	Bacteria	Pseudomonadota	Gammaproteobacteria	Enterobacterales	Enterobacteriaceae	Salmonella
Salmonella enterica	Typhimurium	37.0	28901	Bacteria	Pseudomonadota	Gammaproteobacteria	Enterobacterales	Enterobacteriaceae	Salmonella
Salmonella enterica	Typhimurium	37.0	28901	Bacteria	Pseudomonadota	Gammaproteobacteria	Enterobacterales	Enterobacteriaceae	Salmonella
Salmonella enterica	Typhimurium	37.0	28901	Bacteria	Pseudomonadota	Gammaproteobacteria	Enterobacterales	Enterobacteriaceae	Salmonella
Salmonella enterica	Typhimurium	37.0	28901	Bacteria	Pseudomonadota	Gammaproteobacteria	Enterobacterales	Enterobacteriaceae	Salmonella
Salmonella enterica	Typhimurium	37.0	28901	Bacteria	Pseudomonadota	Gammaproteobacteria	Enterobacterales	Enterobacteriaceae	Salmonella
Salmonella enterica	Typhimurium	37.0	28901	Bacteria	Pseudomonadota	Gammaproteobacteria	Enterobacterales	Enterobacteriaceae	Salmonella
Salmonella enterica	Typhimurium	37.0	28901	Bacteria	Pseudomonadota	Gammaproteobacteria	Enterobacterales	Enterobacteriaceae	Salmonella
Salmonella enterica	Typhimurium	37.0	28901	Bacteria	Pseudomonadota	Gammaproteobacteria	Enterobacterales	Enterobacteriaceae	Salmonella
Salmonella enterica	Typhimurium	37.0	28901	Bacteria	Pseudomonadota	Gammaproteobacteria	Enterobacterales	Enterobacteriaceae	Salmonella
Salmonella enterica	Typhimurium	37.0	28901	Bacteria	Pseudomonadota	Gammaproteobacteria	Enterobacterales	Enterobacteriaceae	Salmonella
Salmonella enterica	Typhimurium	37.0	28901	Bacteria	Pseudomonadota	Gammaproteobacteria	Enterobacterales	Enterobacteriaceae	Salmonella
Salmonella enterica	Typhimurium	37.0	28901	Bacteria	Pseudomonadota	Gammaproteobacteria	Enterobacterales	Enterobacteriaceae	Salmonella
Salmonella enterica	Typhimurium	37.0	28901	Bacteria	Pseudomonadota	Gammaproteobacteria	Enterobacterales	Enterobacteriaceae	Salmonella
Salmonella enterica	Typhimurium	37.0	28901	Bacteria	Pseudomonadota	Gammaproteobacteria	Enterobacterales	Enterobacteriaceae	Salmonella
Salmonella enterica	Typhimurium	37.0	28901	Bacteria	Pseudomonadota	Gammaproteobacteria	Enterobacterales	Enterobacteriaceae	Salmonella
Salmonella enterica	Typhimurium	37.0	28901	Bacteria	Pseudomonadota	Gammaproteobacteria	Enterobacterales	Enterobacteriaceae	Salmonella
Salmonella enterica	Typhimurium	37.0	28901	Bacteria	Pseudomonadota	Gammaproteobacteria	Enterobacterales	Enterobacteriaceae	Salmonella
Salmonella enterica	Typhimurium	37.0	28901	Bacteria	Pseudomonadota	Gammaproteobacteria	Enterobacterales	Enterobacteriaceae	Salmonella
Salmonella enterica	Typhimurium	37.0	28901	Bacteria	Pseudomonadota	Gammaproteobacteria	Enterobacterales	Enterobacteriaceae	Salmonella
Salmonella enterica	Typhimurium	37.0	28901	Bacteria	Pseudomonadota	Gammaproteobacteria	Enterobacterales	Enterobacteriaceae	Salmonella
Salmonella enterica	Typhimurium flr-19	37.0	28901	Bacteria	Pseudomonadota	Gammaproteobacteria	Enterobacterales	Enterobacteriaceae	Salmonella
Salmonella enterica	Typhimurium flr-191	37.0	28901	Bacteria	Pseudomonadota	Gammaproteobacteria	Enterobacterales	Enterobacteriaceae	Salmonella
Salmonella enterica	Typhimurium CV241	37.0	28901	Bacteria	Pseudomonadota	Gammaproteobacteria	Enterobacterales	Enterobacteriaceae	Salmonella
Streptomyces Coelicolor	J802	30.0	1902	Bacteria	Actinomycetota	Actinomycetes	Kitasatosporales	Streptomycetaceae	Streptomyces
Streptomyces Coelicolor	J802	30.0	1902	Bacteria	Actinomycetota	Actinomycetes	Kitasatosporales	Streptomycetaceae	Streptomyces
Streptomyces Coelicolor	J802	30.0	1902	Bacteria	Actinomycetota	Actinomycetes	Kitasatosporales	Streptomycetaceae	Streptomyces
Streptomyces Coelicolor	J802	30.0	1902	Bacteria	Actinomycetota	Actinomycetes	Kitasatosporales	Streptomycetaceae	Streptomyces
Streptomyces Coelicolor	A3(2)	30.0	100226	Bacteria	Actinomycetota	Actinomycetes	Kitasatosporales	Streptomycetaceae	Streptomyces
Escherichia coli	KO229	37.0	562	Bacteria	Pseudomonadota	Gammaproteobacteria	Enterobacterales	Enterobacteriaceae	Escherichia
Escherichia coli	BL21[pACYC184]	37.0	562	Bacteria	Pseudomonadota	Gammaproteobacteria	Enterobacterales	Enterobacteriaceae	Escherichia
Escherichia coli	BL21[pACDdsA]	37.0	562	Bacteria	Pseudomonadota	Gammaproteobacteria	Enterobacterales	Enterobacteriaceae	Escherichia
Escherichia coli	BL21[pET-ASPP]	37.0	562	Bacteria	Pseudomonadota	Gammaproteobacteria	Enterobacterales	Enterobacteriaceae	Escherichia
Escherichia coli	BL21[pET-28b(+)]	37.0	562	Bacteria	Pseudomonadota	Gammaproteobacteria	Enterobacterales	Enterobacteriaceae	Escherichia
Escherichia coli	BL21_aspP-	37.0	562	Bacteria	Pseudomonadota	Gammaproteobacteria	Enterobacterales	Enterobacteriaceae	Escherichia
Corynebacterium glutamicum	ATCC 13032	30.0	196627	Bacteria	Actinomycetota	Actinomycetes	Mycobacteriales	Corynebacteriaceae	Corynebacterium
Corynebacterium glutamicum	ATCC 13032	30.0	196627	Bacteria	Actinomycetota	Actinomycetes	Mycobacteriales	Corynebacteriaceae	Corynebacterium
Corynebacterium glutamicum	ATCC 13032	30.0	196627	Bacteria	Actinomycetota	Actinomycetes	Mycobacteriales	Corynebacteriaceae	Corynebacterium
Neurospora crassa	OR74A	25.0	367110	Eukaryota	Ascomycota	Sordariomycetes	Sordariales	Sordariaceae	Neurospora
Mycobacterium tuberculosis	H37Rv	37.0	83332	Bacteria	Actinomycetota	Actinomycetes	Mycobacteriales	Mycobacteriaceae	Mycobacterium
Zymomonas mobilis	CP4	30.0	542	Bacteria	Pseudomonadota	Alphaproteobacteria	Sphingomonadales	Zymomonadaceae	Zymomonas
Zymomonas mobilis	11163	30.0	542	Bacteria	Pseudomonadota	Alphaproteobacteria	Sphingomonadales	Zymomonadaceae	Zymomonas
Zymomonas mobilis	ATCC 10988	30.0	542	Bacteria	Pseudomonadota	Alphaproteobacteria	Sphingomonadales	Zymomonadaceae	Zymomonas
Zymomonas mobilis	CU1	30.0	542	Bacteria	Pseudomonadota	Alphaproteobacteria	Sphingomonadales	Zymomonadaceae	Zymomonas
Staphylococcus aureus	N315	37.0	1280	Bacteria	Bacillota	Bacilli	Bacillales	Staphylococcaceae	Staphylococcus
Acinetobacter baumannii	ATCC 19606	37.0	470	Bacteria	Pseudomonadota	Gammaproteobacteria	Moraxellales	Moraxellaceae	Acinetobacter
Acinetobacter baumannii	ATCC 19606	37.0	470	Bacteria	Pseudomonadota	Gammaproteobacteria	Moraxellales	Moraxellaceae	Acinetobacter
Cyanothece	ATCC 51142	30.0	43989	Bacteria	Cyanobacteriota	Cyanophyceae	Chroococcales	Aphanothecaceae	Crocosphaera
Deinococcus radiodurans	R1	35.0	1299	Bacteria	Deinococcota	Deinococci	Deinococcales	Deinococcaceae	Deinococcus
Deinococcus radiodurans	R1	35.0	1299	Bacteria	Deinococcota	Deinococci	Deinococcales	Deinococcaceae	Deinococcus
Deinococcus radiodurans	R1	35.0	1299	Bacteria	Deinococcota	Deinococci	Deinococcales	Deinococcaceae	Deinococcus
Deinococcus radiodurans	R1	35.0	1299	Bacteria	Deinococcota	Deinococci	Deinococcales	Deinococcaceae	Deinococcus
Bacillus amyloliquefaciens	B155	37.0	1390	Bacteria	Bacillota	Bacilli	Bacillales	Bacillaceae	Bacillus
Bacillus amyloliquefaciens	B20	37.0	1390	Bacteria	Bacillota	Bacilli	Bacillales	Bacillaceae	Bacillus
Bacillus amyloliquefaciens	B20	37.0	1390	Bacteria	Bacillota	Bacilli	Bacillales	Bacillaceae	Bacillus
Aspergillus nidulans	conidia	37.0	162425	Eukaryota	Ascomycota	Eurotiomycetes	Eurotiales	Aspergillaceae	Aspergillus
Aspergillus nidulans	conidia	28.0	162425	Eukaryota	Ascomycota	Eurotiomycetes	Eurotiales	Aspergillaceae	Aspergillus
Aspergillus nidulans	A187	37.0	162425	Eukaryota	Ascomycota	Eurotiomycetes	Eurotiales	Aspergillaceae	Aspergillus
Aspergillus nidulans	A187	37.0	162425	Eukaryota	Ascomycota	Eurotiomycetes	Eurotiales	Aspergillaceae	Aspergillus
Aspergillus nidulans	creA	37.0	162425	Eukaryota	Ascomycota	Eurotiomycetes	Eurotiales	Aspergillaceae	Aspergillus
Aspergillus nidulans	creA	37.0	162425	Eukaryota	Ascomycota	Eurotiomycetes	Eurotiales	Aspergillaceae	Aspergillus
Aspergillus nidulans	TA1	30.0	162425	Eukaryota	Ascomycota	Eurotiomycetes	Eurotiales	Aspergillaceae	Aspergillus
Aspergillus niger	AB1.13	30.0	5061	Eukaryota	Ascomycota	Eurotiomycetes	Eurotiales	Aspergillaceae	Aspergillus
Aspergillus niger	AB1.13	30.0	5061	Eukaryota	Ascomycota	Eurotiomycetes	Eurotiales	Aspergillaceae	Aspergillus
Aspergillus oryzae	A1560	30.0	5062	Eukaryota	Ascomycota	Eurotiomycetes	Eurotiales	Aspergillaceae	Aspergillus
Aspergillus oryzae	A1560	30.0	5062	Eukaryota	Ascomycota	Eurotiomycetes	Eurotiales	Aspergillaceae	Aspergillus
Aspergillus oryzae	CF1.1	30.0	5062	Eukaryota	Ascomycota	Eurotiomycetes	Eurotiales	Aspergillaceae	Aspergillus
Aspergillus oryzae	CF1.1	30.0	5062	Eukaryota	Ascomycota	Eurotiomycetes	Eurotiales	Aspergillaceae	Aspergillus
Aspergillus oryzae	CF2.1	30.0	5062	Eukaryota	Ascomycota	Eurotiomycetes	Eurotiales	Aspergillaceae	Aspergillus
Aspergillus oryzae	CF2.1	30.0	5062	Eukaryota	Ascomycota	Eurotiomycetes	Eurotiales	Aspergillaceae	Aspergillus
Halobacterium salinarum	R-1	40.0	2242	Archaea	Euryarchaeota	Halobacteria	Halobacteriales	Halobacteriaceae	Halobacterium
Ketogulonicigenium vulgare	nan	30.0	92945	Bacteria	Pseudomonadota	Alphaproteobacteria	Rhodobacterales	Roseobacteraceae	Ketogulonicigenium
Bacillus megaterium	nan	30.0	1404	Bacteria	Bacillota	Bacilli	Bacillales	Bacillaceae	Priestia
Bacillus megaterium	KM Leu-	30.0	1404	Bacteria	Bacillota	Bacilli	Bacillales	Bacillaceae	Priestia
Bacillus megaterium	KM Leu-	30.0	1404	Bacteria	Bacillota	Bacilli	Bacillales	Bacillaceae	Priestia
Candida glabrata	CTCC M202019	30.0	1406948	Eukaryota	Ascomycota	Saccharomycetes	Saccharomycetales	Saccharomycetaceae	Nakaseomyces
Candida glabrata	CTCC M202019	30.0	1406948	Eukaryota	Ascomycota	Saccharomycetes	Saccharomycetales	Saccharomycetaceae	Nakaseomyces
Candida glabrata	CTCC M202019	30.0	1406948	Eukaryota	Ascomycota	Saccharomycetes	Saccharomycetales	Saccharomycetaceae	Nakaseomyces
Candida glabrata	CTCC M202019	30.0	1406948	Eukaryota	Ascomycota	Saccharomycetes	Saccharomycetales	Saccharomycetaceae	Nakaseomyces
Candida glabrata	CTCC M202019	30.0	1406948	Eukaryota	Ascomycota	Saccharomycetes	Saccharomycetales	Saccharomycetaceae	Nakaseomyces
Candida glabrata	CTCC M202019	30.0	1406948	Eukaryota	Ascomycota	Saccharomycetes	Saccharomycetales	Saccharomycetaceae	Nakaseomyces
Candida glabrata	CTCC M202019	30.0	1406948	Eukaryota	Ascomycota	Saccharomycetes	Saccharomycetales	Saccharomycetaceae	Nakaseomyces
Candida glabrata	CTCC M202019	30.0	1406948	Eukaryota	Ascomycota	Saccharomycetes	Saccharomycetales	Saccharomycetaceae	Nakaseomyces
Candida glabrata	CTCC M202019	30.0	1406948	Eukaryota	Ascomycota	Saccharomycetes	Saccharomycetales	Saccharomycetaceae	Nakaseomyces
Candida glabrata	CTCC M202019	30.0	1406948	Eukaryota	Ascomycota	Saccharomycetes	Saccharomycetales	Saccharomycetaceae	Nakaseomyces
Candida glabrata	CTCC M202019	30.0	1406948	Eukaryota	Ascomycota	Saccharomycetes	Saccharomycetales	Saccharomycetaceae	Nakaseomyces
Candida glabrata	CTCC M202019	30.0	1406948	Eukaryota	Ascomycota	Saccharomycetes	Saccharomycetales	Saccharomycetaceae	Nakaseomyces
Candida glabrata	CTCC M202019	30.0	1406948	Eukaryota	Ascomycota	Saccharomycetes	Saccharomycetales	Saccharomycetaceae	Nakaseomyces
Candida glabrata	CTCC M202019	30.0	1406948	Eukaryota	Ascomycota	Saccharomycetes	Saccharomycetales	Saccharomycetaceae	Nakaseomyces
Candida glabrata	CTCC M202019	30.0	1406948	Eukaryota	Ascomycota	Saccharomycetes	Saccharomycetales	Saccharomycetaceae	Nakaseomyces
Candida glabrata	CTCC M202019	30.0	1406948	Eukaryota	Ascomycota	Saccharomycetes	Saccharomycetales	Saccharomycetaceae	Nakaseomyces
Candida glabrata	CTCC M202019	30.0	1406948	Eukaryota	Ascomycota	Saccharomycetes	Saccharomycetales	Saccharomycetaceae	Nakaseomyces
Candida glabrata	CTCC M202019	30.0	1406948	Eukaryota	Ascomycota	Saccharomycetes	Saccharomycetales	Saccharomycetaceae	Nakaseomyces
Candida glabrata	CTCC M202019	30.0	1406948	Eukaryota	Ascomycota	Saccharomycetes	Saccharomycetales	Saccharomycetaceae	Nakaseomyces
Candida glabrata	CTCC M202019	30.0	1406948	Eukaryota	Ascomycota	Saccharomycetes	Saccharomycetales	Saccharomycetaceae	Nakaseomyces
Candida glabrata	CTCC M202019	30.0	1406948	Eukaryota	Ascomycota	Saccharomycetes	Saccharomycetales	Saccharomycetaceae	Nakaseomyces
Candida glabrata	CTCC M202019	30.0	1406948	Eukaryota	Ascomycota	Saccharomycetes	Saccharomycetales	Saccharomycetaceae	Nakaseomyces
Candida glabrata	CTCC M202019	30.0	1406948	Eukaryota	Ascomycota	Saccharomycetes	Saccharomycetales	Saccharomycetaceae	Nakaseomyces
Candida glabrata	CTCC M202019	30.0	1406948	Eukaryota	Ascomycota	Saccharomycetes	Saccharomycetales	Saccharomycetaceae	Nakaseomyces
Candida glabrata	CTCC M202019	30.0	1406948	Eukaryota	Ascomycota	Saccharomycetes	Saccharomycetales	Saccharomycetaceae	Nakaseomyces
Candida glabrata	CTCC M202019	30.0	1406948	Eukaryota	Ascomycota	Saccharomycetes	Saccharomycetales	Saccharomycetaceae	Nakaseomyces
Candida glabrata	CTCC M202019	30.0	1406948	Eukaryota	Ascomycota	Saccharomycetes	Saccharomycetales	Saccharomycetaceae	Nakaseomyces
Candida glabrata	CTCC M202019	30.0	1406948	Eukaryota	Ascomycota	Saccharomycetes	Saccharomycetales	Saccharomycetaceae	Nakaseomyces
Candida glabrata	CTCC M202019	30.0	1406948	Eukaryota	Ascomycota	Saccharomycetes	Saccharomycetales	Saccharomycetaceae	Nakaseomyces
Candida glabrata	CTCC M202019	30.0	1406948	Eukaryota	Ascomycota	Saccharomycetes	Saccharomycetales	Saccharomycetaceae	Nakaseomyces
Candida glabrata	CTCC M202019	30.0	1406948	Eukaryota	Ascomycota	Saccharomycetes	Saccharomycetales	Saccharomycetaceae	Nakaseomyces
Candida glabrata	CTCC M202019	30.0	1406948	Eukaryota	Ascomycota	Saccharomycetes	Saccharomycetales	Saccharomycetaceae	Nakaseomyces
Candida glabrata	CTCC M202019	30.0	1406948	Eukaryota	Ascomycota	Saccharomycetes	Saccharomycetales	Saccharomycetaceae	Nakaseomyces
Candida glabrata	CTCC M202019	30.0	1406948	Eukaryota	Ascomycota	Saccharomycetes	Saccharomycetales	Saccharomycetaceae	Nakaseomyces
Cupriavidus necator	H16	30.0	381666	Bacteria	Pseudomonadota	Betaproteobacteria	Burkholderiales	Burkholderiaceae	Cupriavidus
Cupriavidus necator	H16	30.0	381666	Bacteria	Pseudomonadota	Betaproteobacteria	Burkholderiales	Burkholderiaceae	Cupriavidus
Cupriavidus necator	H16	30.0	381666	Bacteria	Pseudomonadota	Betaproteobacteria	Burkholderiales	Burkholderiaceae	Cupriavidus
Cupriavidus necator	H16	30.0	381666	Bacteria	Pseudomonadota	Betaproteobacteria	Burkholderiales	Burkholderiaceae	Cupriavidus
Cupriavidus necator	H16	30.0	381666	Bacteria	Pseudomonadota	Betaproteobacteria	Burkholderiales	Burkholderiaceae	Cupriavidus
Cupriavidus necator	H16	30.0	381666	Bacteria	Pseudomonadota	Betaproteobacteria	Burkholderiales	Burkholderiaceae	Cupriavidus
Synechocystis PCC6803	nan	30.0	1148	Bacteria	Cyanobacteriota	Cyanophyceae	Synechococcales	Merismopediaceae	Synechocystis
Synechocystis PCC6803	nan	30.0	1148	Bacteria	Cyanobacteriota	Cyanophyceae	Synechococcales	Merismopediaceae	Synechocystis
Synechocystis PCC6803	nan	30.0	1148	Bacteria	Cyanobacteriota	Cyanophyceae	Synechococcales	Merismopediaceae	Synechocystis
Synechocystis PCC6803	nan	30.0	1148	Bacteria	Cyanobacteriota	Cyanophyceae	Synechococcales	Merismopediaceae	Synechocystis
Synechocystis PCC6803	nan	31.0	1148	Bacteria	Cyanobacteriota	Cyanophyceae	Synechococcales	Merismopediaceae	Synechocystis
Synechocystis PCC6803	nan	31.0	1148	Bacteria	Cyanobacteriota	Cyanophyceae	Synechococcales	Merismopediaceae	Synechocystis
Synechocystis PCC6803	nan	31.0	1148	Bacteria	Cyanobacteriota	Cyanophyceae	Synechococcales	Merismopediaceae	Synechocystis
Synechocystis PCC6803	nan	31.0	1148	Bacteria	Cyanobacteriota	Cyanophyceae	Synechococcales	Merismopediaceae	Synechocystis
Streptococcus thermophilus	ST1	37.0	1308	Bacteria	Bacillota	Bacilli	Lactobacillales	Streptococcaceae	Streptococcus
Streptococcus thermophilus	ST1	37.0	1308	Bacteria	Bacillota	Bacilli	Lactobacillales	Streptococcaceae	Streptococcus
Streptococcus thermophilus	ST7	37.0	1308	Bacteria	Bacillota	Bacilli	Lactobacillales	Streptococcaceae	Streptococcus
Streptococcus thermophilus	ST7	37.0	1308	Bacteria	Bacillota	Bacilli	Lactobacillales	Streptococcaceae	Streptococcus
Streptococcus thermophilus	ST8	37.0	1308	Bacteria	Bacillota	Bacilli	Lactobacillales	Streptococcaceae	Streptococcus
Streptococcus thermophilus	ST8	37.0	1308	Bacteria	Bacillota	Bacilli	Lactobacillales	Streptococcaceae	Streptococcus
Streptococcus thermophilus	ST11	37.0	1308	Bacteria	Bacillota	Bacilli	Lactobacillales	Streptococcaceae	Streptococcus
Streptococcus thermophilus	ST11	37.0	1308	Bacteria	Bacillota	Bacilli	Lactobacillales	Streptococcaceae	Streptococcus
Streptococcus thermophilus	ST18	37.0	1308	Bacteria	Bacillota	Bacilli	Lactobacillales	Streptococcaceae	Streptococcus
Streptococcus thermophilus	ST18	37.0	1308	Bacteria	Bacillota	Bacilli	Lactobacillales	Streptococcaceae	Streptococcus
Streptococcus thermophilus	ST21	37.0	1308	Bacteria	Bacillota	Bacilli	Lactobacillales	Streptococcaceae	Streptococcus
Streptococcus thermophilus	ST21	37.0	1308	Bacteria	Bacillota	Bacilli	Lactobacillales	Streptococcaceae	Streptococcus
Aspergillus terreus	ATCC 74135	28.0	33178	Eukaryota	Ascomycota	Eurotiomycetes	Eurotiales	Aspergillaceae	Aspergillus
Aspergillus terreus	ATCC 74135	28.0	33178	Eukaryota	Ascomycota	Eurotiomycetes	Eurotiales	Aspergillaceae	Aspergillus
Aspergillus terreus	ATCC 74135	28.0	33178	Eukaryota	Ascomycota	Eurotiomycetes	Eurotiales	Aspergillaceae	Aspergillus
Aspergillus terreus	ATCC 74135	28.0	33178	Eukaryota	Ascomycota	Eurotiomycetes	Eurotiales	Aspergillaceae	Aspergillus
Aspergillus terreus	ATCC 74135	28.0	33178	Eukaryota	Ascomycota	Eurotiomycetes	Eurotiales	Aspergillaceae	Aspergillus
Aspergillus terreus	ATCC 74135	28.0	33178	Eukaryota	Ascomycota	Eurotiomycetes	Eurotiales	Aspergillaceae	Aspergillus
Aspergillus terreus	ATCC 74135	28.0	33178	Eukaryota	Ascomycota	Eurotiomycetes	Eurotiales	Aspergillaceae	Aspergillus
Aspergillus terreus	ATCC 74135	28.0	33178	Eukaryota	Ascomycota	Eurotiomycetes	Eurotiales	Aspergillaceae	Aspergillus
Aspergillus terreus	ATCC 74135	28.0	33178	Eukaryota	Ascomycota	Eurotiomycetes	Eurotiales	Aspergillaceae	Aspergillus
Aspergillus terreus	ATCC 74135	28.0	33178	Eukaryota	Ascomycota	Eurotiomycetes	Eurotiales	Aspergillaceae	Aspergillus
Aspergillus terreus	ATCC 74135	28.0	33178	Eukaryota	Ascomycota	Eurotiomycetes	Eurotiales	Aspergillaceae	Aspergillus
Aspergillus terreus	ATCC 74135	28.0	33178	Eukaryota	Ascomycota	Eurotiomycetes	Eurotiales	Aspergillaceae	Aspergillus
Aspergillus terreus	ATCC 74135	28.0	33178	Eukaryota	Ascomycota	Eurotiomycetes	Eurotiales	Aspergillaceae	Aspergillus
Aspergillus terreus	ATCC 74135	28.0	33178	Eukaryota	Ascomycota	Eurotiomycetes	Eurotiales	Aspergillaceae	Aspergillus
Aspergillus terreus	ATCC 74135	28.0	33178	Eukaryota	Ascomycota	Eurotiomycetes	Eurotiales	Aspergillaceae	Aspergillus
Aspergillus terreus	ATCC 74135	28.0	33178	Eukaryota	Ascomycota	Eurotiomycetes	Eurotiales	Aspergillaceae	Aspergillus
Aspergillus terreus	ATCC 74135	28.0	33178	Eukaryota	Ascomycota	Eurotiomycetes	Eurotiales	Aspergillaceae	Aspergillus
Aspergillus terreus	ATCC 74135	28.0	33178	Eukaryota	Ascomycota	Eurotiomycetes	Eurotiales	Aspergillaceae	Aspergillus
Aspergillus nidulans	A28	30.0	162425	Eukaryota	Ascomycota	Eurotiomycetes	Eurotiales	Aspergillaceae	Aspergillus
Candida glabrata	WSH-IP303	30.0	5478	Eukaryota	Ascomycota	Saccharomycetes	Saccharomycetales	Saccharomycetaceae	Nakaseomyces
Candida glabrata	WSH-IP303	30.0	5478	Eukaryota	Ascomycota	Saccharomycetes	Saccharomycetales	Saccharomycetaceae	Nakaseomyces
Thermotoga maritima	DSM 3109	88.0	2336	Bacteria	Thermotogota	Thermotogae	Thermotogales	Thermotogaceae	Thermotoga
Thermotoga maritima	DSM 3109	85.0	2336	Bacteria	Thermotogota	Thermotogae	Thermotogales	Thermotogaceae	Thermotoga
Synechocystis PCC6803	psbA	31.0	1148	Bacteria	Cyanobacteriota	Cyanophyceae	Synechococcales	Merismopediaceae	Synechocystis
Albidiferax ferrireducens	DMS 15236	33.0	338969	Bacteria	Pseudomonadota	Betaproteobacteria	Burkholderiales	Comamonadaceae	Rhodoferax
Albidiferax ferrireducens	DMS 15236	33.0	338969	Bacteria	Pseudomonadota	Betaproteobacteria	Burkholderiales	Comamonadaceae	Rhodoferax
Neiserria meningitidis	serogroup B	37.0	491	Bacteria	Pseudomonadota	Betaproteobacteria	Neisseriales	Neisseriaceae	Neisseria
Neiserria meningitidis	M1	37.0	487	Bacteria	Pseudomonadota	Betaproteobacteria	Neisseriales	Neisseriaceae	Neisseria
Neiserria meningitidis	M5	37.0	487	Bacteria	Pseudomonadota	Betaproteobacteria	Neisseriales	Neisseriaceae	Neisseria
Neiserria meningitidis	M6	37.0	487	Bacteria	Pseudomonadota	Betaproteobacteria	Neisseriales	Neisseriaceae	Neisseria
Saccharomyces cerevisiae	Y294	30.0	4932	Eukaryota	Ascomycota	Saccharomycetes	Saccharomycetales	Saccharomycetaceae	Saccharomyces
Saccharomyces cerevisiae	CBS 8066	30.0	4932	Eukaryota	Ascomycota	Saccharomycetes	Saccharomycetales	Saccharomycetaceae	Saccharomyces
Saccharomyces cerevisiae	CBS 8066	30.0	4932	Eukaryota	Ascomycota	Saccharomycetes	Saccharomycetales	Saccharomycetaceae	Saccharomyces
Saccharomyces cerevisiae	T2-3D	30.0	4932	Eukaryota	Ascomycota	Saccharomycetes	Saccharomycetales	Saccharomycetaceae	Saccharomyces
Saccharomyces cerevisiae	T2-3D	30.0	4932	Eukaryota	Ascomycota	Saccharomycetes	Saccharomycetales	Saccharomycetaceae	Saccharomyces
Saccharomyces cerevisiae	GG 570	30.0	4932	Eukaryota	Ascomycota	Saccharomycetes	Saccharomycetales	Saccharomycetaceae	Saccharomyces
Saccharomyces cerevisiae	Y294[PGK1]	30.0	4932	Eukaryota	Ascomycota	Saccharomycetes	Saccharomycetales	Saccharomycetaceae	Saccharomyces
Saccharomyces cerevisiae	Y294[PGK1-XYN]	30.0	4932	Eukaryota	Ascomycota	Saccharomycetes	Saccharomycetales	Saccharomycetaceae	Saccharomyces
Saccharomyces cerevisiae	Y294[ADH2]	30.0	4932	Eukaryota	Ascomycota	Saccharomycetes	Saccharomycetales	Saccharomycetaceae	Saccharomyces
Saccharomyces cerevisiae	Y294[ADH2-XYN]	30.0	4932	Eukaryota	Ascomycota	Saccharomycetes	Saccharomycetales	Saccharomycetaceae	Saccharomyces
Lactococcus lactis	MG1363	30.0	1358	Bacteria	Bacillota	Bacilli	Lactobacillales	Streptococcaceae	Lactococcus
Lactococcus lactis	MG1363	30.0	1358	Bacteria	Bacillota	Bacilli	Lactobacillales	Streptococcaceae	Lactococcus
Lactococcus lactis	MG1363	30.0	1358	Bacteria	Bacillota	Bacilli	Lactobacillales	Streptococcaceae	Lactococcus
Lactococcus lactis	MG1363	30.0	1358	Bacteria	Bacillota	Bacilli	Lactobacillales	Streptococcaceae	Lactococcus
Lactococcus lactis	MG1363	30.0	1358	Bacteria	Bacillota	Bacilli	Lactobacillales	Streptococcaceae	Lactococcus
Lactococcus lactis	MG1363	30.0	1358	Bacteria	Bacillota	Bacilli	Lactobacillales	Streptococcaceae	Lactococcus
Lactococcus lactis	MG1363	30.0	1358	Bacteria	Bacillota	Bacilli	Lactobacillales	Streptococcaceae	Lactococcus
Lactococcus lactis	MG1363	30.0	1358	Bacteria	Bacillota	Bacilli	Lactobacillales	Streptococcaceae	Lactococcus
Lactococcus lactis	MG1363	30.0	1358	Bacteria	Bacillota	Bacilli	Lactobacillales	Streptococcaceae	Lactococcus
Lactococcus lactis	MG1363	30.0	1358	Bacteria	Bacillota	Bacilli	Lactobacillales	Streptococcaceae	Lactococcus
Lactococcus lactis	MG1363	30.0	1358	Bacteria	Bacillota	Bacilli	Lactobacillales	Streptococcaceae	Lactococcus
Lactococcus lactis	MG1363	30.0	1358	Bacteria	Bacillota	Bacilli	Lactobacillales	Streptococcaceae	Lactococcus
Lactococcus lactis	MG1614	30.0	1358	Bacteria	Bacillota	Bacilli	Lactobacillales	Streptococcaceae	Lactococcus
Lactococcus lactis	NCDO 2118	30.0	1358	Bacteria	Bacillota	Bacilli	Lactobacillales	Streptococcaceae	Lactococcus
Lactococcus lactis	NCDO 2118	30.0	1358	Bacteria	Bacillota	Bacilli	Lactobacillales	Streptococcaceae	Lactococcus
Lactococcus lactis	NCDO 2118	30.0	1358	Bacteria	Bacillota	Bacilli	Lactobacillales	Streptococcaceae	Lactococcus
Lactococcus lactis	NCDO 2118	30.0	1358	Bacteria	Bacillota	Bacilli	Lactobacillales	Streptococcaceae	Lactococcus
Lactococcus lactis	C2	30.0	1358	Bacteria	Bacillota	Bacilli	Lactobacillales	Streptococcaceae	Lactococcus
Lactococcus lactis	IL1403	30.0	1358	Bacteria	Bacillota	Bacilli	Lactobacillales	Streptococcaceae	Lactococcus
Lactococcus lactis	IL1403	30.0	1358	Bacteria	Bacillota	Bacilli	Lactobacillales	Streptococcaceae	Lactococcus
Lactococcus lactis	IL1403	30.0	1358	Bacteria	Bacillota	Bacilli	Lactobacillales	Streptococcaceae	Lactococcus
Geobacter metallireducens	nan	33.0	28232	Bacteria	Thermodesulfobacteriota	Desulfuromonadia	Geobacterales	Geobacteraceae	Geobacter
Geobacter metallireducens	nan	33.0	28232	Bacteria	Thermodesulfobacteriota	Desulfuromonadia	Geobacterales	Geobacteraceae	Geobacter
Geobacter metallireducens	nan	33.0	28232	Bacteria	Thermodesulfobacteriota	Desulfuromonadia	Geobacterales	Geobacteraceae	Geobacter
Geobacter metallireducens	nan	33.0	28232	Bacteria	Thermodesulfobacteriota	Desulfuromonadia	Geobacterales	Geobacteraceae	Geobacter
Geobacter metallireducens	nan	33.0	28232	Bacteria	Thermodesulfobacteriota	Desulfuromonadia	Geobacterales	Geobacteraceae	Geobacter
Geobacter metallireducens	nan	33.0	28232	Bacteria	Thermodesulfobacteriota	Desulfuromonadia	Geobacterales	Geobacteraceae	Geobacter
Geobacter metallireducens	nan	33.0	28232	Bacteria	Thermodesulfobacteriota	Desulfuromonadia	Geobacterales	Geobacteraceae	Geobacter
Geobacter metallireducens	nan	33.0	28232	Bacteria	Thermodesulfobacteriota	Desulfuromonadia	Geobacterales	Geobacteraceae	Geobacter
Geobacter metallireducens	nan	33.0	28232	Bacteria	Thermodesulfobacteriota	Desulfuromonadia	Geobacterales	Geobacteraceae	Geobacter
Geobacter metallireducens	nan	33.0	28232	Bacteria	Thermodesulfobacteriota	Desulfuromonadia	Geobacterales	Geobacteraceae	Geobacter
Geobacter metallireducens	nan	33.0	28232	Bacteria	Thermodesulfobacteriota	Desulfuromonadia	Geobacterales	Geobacteraceae	Geobacter
Geobacter metallireducens	nan	33.0	28232	Bacteria	Thermodesulfobacteriota	Desulfuromonadia	Geobacterales	Geobacteraceae	Geobacter
Geobacter metallireducens	nan	33.0	28232	Bacteria	Thermodesulfobacteriota	Desulfuromonadia	Geobacterales	Geobacteraceae	Geobacter
Geobacter metallireducens	nan	33.0	28232	Bacteria	Thermodesulfobacteriota	Desulfuromonadia	Geobacterales	Geobacteraceae	Geobacter
Geobacter metallireducens	nan	33.0	28232	Bacteria	Thermodesulfobacteriota	Desulfuromonadia	Geobacterales	Geobacteraceae	Geobacter
Geobacter metallireducens	nan	33.0	28232	Bacteria	Thermodesulfobacteriota	Desulfuromonadia	Geobacterales	Geobacteraceae	Geobacter
Geobacter metallireducens	nan	33.0	28232	Bacteria	Thermodesulfobacteriota	Desulfuromonadia	Geobacterales	Geobacteraceae	Geobacter
Geobacter metallireducens	nan	33.0	28232	Bacteria	Thermodesulfobacteriota	Desulfuromonadia	Geobacterales	Geobacteraceae	Geobacter
Geobacter metallireducens	nan	33.0	28232	Bacteria	Thermodesulfobacteriota	Desulfuromonadia	Geobacterales	Geobacteraceae	Geobacter
Geobacter metallireducens	nan	33.0	28232	Bacteria	Thermodesulfobacteriota	Desulfuromonadia	Geobacterales	Geobacteraceae	Geobacter
Geobacter metallireducens	nan	33.0	28232	Bacteria	Thermodesulfobacteriota	Desulfuromonadia	Geobacterales	Geobacteraceae	Geobacter
Geobacter metallireducens	nan	33.0	28232	Bacteria	Thermodesulfobacteriota	Desulfuromonadia	Geobacterales	Geobacteraceae	Geobacter
Geobacter metallireducens	nan	33.0	28232	Bacteria	Thermodesulfobacteriota	Desulfuromonadia	Geobacterales	Geobacteraceae	Geobacter
Geobacter metallireducens	nan	33.0	28232	Bacteria	Thermodesulfobacteriota	Desulfuromonadia	Geobacterales	Geobacteraceae	Geobacter
Geobacter metallireducens	nan	33.0	28232	Bacteria	Thermodesulfobacteriota	Desulfuromonadia	Geobacterales	Geobacteraceae	Geobacter
Geobacter metallireducens	nan	33.0	28232	Bacteria	Thermodesulfobacteriota	Desulfuromonadia	Geobacterales	Geobacteraceae	Geobacter
Geobacter metallireducens	nan	33.0	28232	Bacteria	Thermodesulfobacteriota	Desulfuromonadia	Geobacterales	Geobacteraceae	Geobacter
Geobacter metallireducens	nan	33.0	28232	Bacteria	Thermodesulfobacteriota	Desulfuromonadia	Geobacterales	Geobacteraceae	Geobacter
Geobacter metallireducens	nan	33.0	28232	Bacteria	Thermodesulfobacteriota	Desulfuromonadia	Geobacterales	Geobacteraceae	Geobacter
Geobacter metallireducens	nan	33.0	28232	Bacteria	Thermodesulfobacteriota	Desulfuromonadia	Geobacterales	Geobacteraceae	Geobacter
Geobacter metallireducens	nan	33.0	28232	Bacteria	Thermodesulfobacteriota	Desulfuromonadia	Geobacterales	Geobacteraceae	Geobacter
Geobacter metallireducens	nan	33.0	28232	Bacteria	Thermodesulfobacteriota	Desulfuromonadia	Geobacterales	Geobacteraceae	Geobacter
Geobacter metallireducens	nan	33.0	28232	Bacteria	Thermodesulfobacteriota	Desulfuromonadia	Geobacterales	Geobacteraceae	Geobacter
Geobacter metallireducens	nan	33.0	28232	Bacteria	Thermodesulfobacteriota	Desulfuromonadia	Geobacterales	Geobacteraceae	Geobacter
Geobacter metallireducens	nan	33.0	28232	Bacteria	Thermodesulfobacteriota	Desulfuromonadia	Geobacterales	Geobacteraceae	Geobacter
Geobacter metallireducens	nan	33.0	28232	Bacteria	Thermodesulfobacteriota	Desulfuromonadia	Geobacterales	Geobacteraceae	Geobacter
Geobacter metallireducens	nan	33.0	28232	Bacteria	Thermodesulfobacteriota	Desulfuromonadia	Geobacterales	Geobacteraceae	Geobacter
Geobacter metallireducens	nan	33.0	28232	Bacteria	Thermodesulfobacteriota	Desulfuromonadia	Geobacterales	Geobacteraceae	Geobacter
Geobacter metallireducens	nan	33.0	28232	Bacteria	Thermodesulfobacteriota	Desulfuromonadia	Geobacterales	Geobacteraceae	Geobacter
Geobacter metallireducens	nan	33.0	28232	Bacteria	Thermodesulfobacteriota	Desulfuromonadia	Geobacterales	Geobacteraceae	Geobacter
Geobacter metallireducens	nan	33.0	28232	Bacteria	Thermodesulfobacteriota	Desulfuromonadia	Geobacterales	Geobacteraceae	Geobacter
Geobacter metallireducens	nan	33.0	28232	Bacteria	Thermodesulfobacteriota	Desulfuromonadia	Geobacterales	Geobacteraceae	Geobacter
Geobacter metallireducens	nan	33.0	28232	Bacteria	Thermodesulfobacteriota	Desulfuromonadia	Geobacterales	Geobacteraceae	Geobacter
Geobacter metallireducens	nan	33.0	28232	Bacteria	Thermodesulfobacteriota	Desulfuromonadia	Geobacterales	Geobacteraceae	Geobacter
Geobacter metallireducens	nan	33.0	28232	Bacteria	Thermodesulfobacteriota	Desulfuromonadia	Geobacterales	Geobacteraceae	Geobacter
Geobacter metallireducens	nan	33.0	28232	Bacteria	Thermodesulfobacteriota	Desulfuromonadia	Geobacterales	Geobacteraceae	Geobacter
Geobacter metallireducens	nan	33.0	28232	Bacteria	Thermodesulfobacteriota	Desulfuromonadia	Geobacterales	Geobacteraceae	Geobacter
Geobacter metallireducens	nan	33.0	28232	Bacteria	Thermodesulfobacteriota	Desulfuromonadia	Geobacterales	Geobacteraceae	Geobacter
Geobacter metallireducens	nan	33.0	28232	Bacteria	Thermodesulfobacteriota	Desulfuromonadia	Geobacterales	Geobacteraceae	Geobacter
Geobacter metallireducens	nan	33.0	28232	Bacteria	Thermodesulfobacteriota	Desulfuromonadia	Geobacterales	Geobacteraceae	Geobacter
Geobacter metallireducens	nan	33.0	28232	Bacteria	Thermodesulfobacteriota	Desulfuromonadia	Geobacterales	Geobacteraceae	Geobacter
Geobacter metallireducens	nan	33.0	28232	Bacteria	Thermodesulfobacteriota	Desulfuromonadia	Geobacterales	Geobacteraceae	Geobacter
Geobacter metallireducens	nan	33.0	28232	Bacteria	Thermodesulfobacteriota	Desulfuromonadia	Geobacterales	Geobacteraceae	Geobacter
Geobacter metallireducens	nan	33.0	28232	Bacteria	Thermodesulfobacteriota	Desulfuromonadia	Geobacterales	Geobacteraceae	Geobacter
Geobacter metallireducens	nan	33.0	28232	Bacteria	Thermodesulfobacteriota	Desulfuromonadia	Geobacterales	Geobacteraceae	Geobacter
Geobacter metallireducens	nan	33.0	28232	Bacteria	Thermodesulfobacteriota	Desulfuromonadia	Geobacterales	Geobacteraceae	Geobacter
Methanosarcina acetivorans	C2A	35.0	188937	Archaea	Euryarchaeota	Methanomicrobia	Methanosarcinales	Methanosarcinaceae	Methanosarcina
Methanosarcina barkeri	Fusaro	35.0	2208	Archaea	Euryarchaeota	Methanomicrobia	Methanosarcinales	Methanosarcinaceae	Methanosarcina
Methanococcus maripaludis	JJ	30.0	39152	Archaea	Euryarchaeota	Methanococci	Methanococcales	Methanococcaceae	Methanococcus
Methanococcus maripaludis	S2	37.0	267377	Archaea	Euryarchaeota	Methanococci	Methanococcales	Methanococcaceae	Methanococcus
Methanococcus maripaludis	MM1020	37.0	39152	Archaea	Euryarchaeota	Methanococci	Methanococcales	Methanococcaceae	Methanococcus
Methanococcus maripaludis	MM1097	37.0	39152	Archaea	Euryarchaeota	Methanococci	Methanococcales	Methanococcaceae	Methanococcus
Methanococcus maripaludis	MM1145	37.0	39152	Archaea	Euryarchaeota	Methanococci	Methanococcales	Methanococcaceae	Methanococcus
Methanococcus maripaludis	MM1183	37.0	39152	Archaea	Euryarchaeota	Methanococci	Methanococcales	Methanococcaceae	Methanococcus
Methanococcus maripaludis	MM1184	37.0	39152	Archaea	Euryarchaeota	Methanococci	Methanococcales	Methanococcaceae	Methanococcus
Methanococcus maripaludis	MM707	37.0	39152	Archaea	Euryarchaeota	Methanococci	Methanococcales	Methanococcaceae	Methanococcus
Methanococcus maripaludis	MM708	37.0	39152	Archaea	Euryarchaeota	Methanococci	Methanococcales	Methanococcaceae	Methanococcus
Methanococcus maripaludis	MM709	37.0	39152	Archaea	Euryarchaeota	Methanococci	Methanococcales	Methanococcaceae	Methanococcus
Pelagibacter ubique	HTCC1062	20.0	335992	Bacteria	Pseudomonadota	Alphaproteobacteria	Pelagibacterales	Pelagibacteraceae	Candidatus Pelagibacter
Pelagibacter ubique	HTCC1062	20.0	335992	Bacteria	Pseudomonadota	Alphaproteobacteria	Pelagibacterales	Pelagibacteraceae	Candidatus Pelagibacter
Pelagibacter ubique	HTCC1062	20.0	335992	Bacteria	Pseudomonadota	Alphaproteobacteria	Pelagibacterales	Pelagibacteraceae	Candidatus Pelagibacter
Pelagibacter ubique	HTCC1062	20.0	335992	Bacteria	Pseudomonadota	Alphaproteobacteria	Pelagibacterales	Pelagibacteraceae	Candidatus Pelagibacter
Pelagibacter sp	HTCC7211	20.0	439493	Bacteria	Pseudomonadota	Alphaproteobacteria	Pelagibacterales	Pelagibacteraceae	Candidatus Pelagibacter
Pelagibacter sp	HTCC7211	20.0	439493	Bacteria	Pseudomonadota	Alphaproteobacteria	Pelagibacterales	Pelagibacteraceae	Candidatus Pelagibacter
Pelagibacter sp	HTCC7211	20.0	439493	Bacteria	Pseudomonadota	Alphaproteobacteria	Pelagibacterales	Pelagibacteraceae	Candidatus Pelagibacter
Pelagibacter sp	HTCC7211	20.0	439493	Bacteria	Pseudomonadota	Alphaproteobacteria	Pelagibacterales	Pelagibacteraceae	Candidatus Pelagibacter
Pelagibacter sp	HTCC7211	20.0	439493	Bacteria	Pseudomonadota	Alphaproteobacteria	Pelagibacterales	Pelagibacteraceae	Candidatus Pelagibacter
Pelagibacter sp	HTCC7211	20.0	439493	Bacteria	Pseudomonadota	Alphaproteobacteria	Pelagibacterales	Pelagibacteraceae	Candidatus Pelagibacter
Pelagibacter sp	HTCC7211	20.0	439493	Bacteria	Pseudomonadota	Alphaproteobacteria	Pelagibacterales	Pelagibacteraceae	Candidatus Pelagibacter
Pelagibacter sp	HTCC7211	20.0	439493	Bacteria	Pseudomonadota	Alphaproteobacteria	Pelagibacterales	Pelagibacteraceae	Candidatus Pelagibacter
Pelagibacter sp	HTCC7211	20.0	439493	Bacteria	Pseudomonadota	Alphaproteobacteria	Pelagibacterales	Pelagibacteraceae	Candidatus Pelagibacter
Pelagibacter sp	HTCC7211	20.0	439493	Bacteria	Pseudomonadota	Alphaproteobacteria	Pelagibacterales	Pelagibacteraceae	Candidatus Pelagibacter
