Genome	ID	Superkingdom	Phylum	Class	Order	Family	Genus
GCF_000221225.1	209285	Eukaryota	Ascomycota	Sordariomycetes	Sordariales	Chaetomiaceae	Thermochaetoides
GCA_000315935.1	5541	Eukaryota	Ascomycota	Eurotiomycetes	Eurotiales	Trichocomaceae	Thermomyces
GCA_001599835.1	5088	Eukaryota	Ascomycota	Eurotiomycetes	Eurotiales	Thermoascaceae	Thermoascus
GCF_000091205.1	45157	Eukaryota	Rhodophyta	Bangiophyceae	Cyanidiales	Cyanidiaceae	Cyanidioschyzon
GCA_026184775.1	2771	Eukaryota	Rhodophyta	Bangiophyceae	Cyanidiales	Cyanidiaceae	Cyanidium
GCF_004022145.1	264951	Eukaryota	Ascomycota	Eurotiomycetes	Eurotiales	Thermoascaceae	Paecilomyces
GCF_000226095.1	78579	Eukaryota	Ascomycota	Sordariomycetes	Sordariales	Chaetomiaceae	Thermothelomyces
GCF_000968595.1	68825	Eukaryota	Ascomycota	Eurotiomycetes	Eurotiales	Trichocomaceae	Rasamsonia
GCF_000226115.1	2587410	Eukaryota	Ascomycota	Sordariomycetes	Sordariales	Chaetomiaceae	Thermothielavioides
GCF_008403515.1	5763	Eukaryota	Heterolobosea			Vahlkampfiidae	Naegleria
GCA_900128795.2	5041	Eukaryota	Ascomycota	Eurotiomycetes	Onygenales	Malbrancheaceae	Malbranchea
GCA_002335675.1	1157962	Eukaryota	Chlorophyta	Chlorophyceae	Chlamydomonadales	Chlamydomonadaceae	Chlamydomonas
GCF_000341285.1	130081	Eukaryota	Rhodophyta	Bangiophyceae	Galdieriales	Galdieriaceae	Galdieria
GCF_000002725.2	5664	Eukaryota	Euglenozoa	Kinetoplastea	Trypanosomatida	Trypanosomatidae	Leishmania
GCA_000182785.1	638632	Eukaryota	Ascomycota	Saccharomycetes	Saccharomycetales	Phaffomycetaceae	Komagataella
GCF_000002595.2	3055	Eukaryota	Chlorophyta	Chlorophyceae	Chlamydomonadales	Chlamydomonadaceae	Chlamydomonas
GCF_000182925.2	367110	Eukaryota	Ascomycota	Sordariomycetes	Sordariales	Sordariaceae	Neurospora
GCF_000011425.1	162425	Eukaryota	Ascomycota	Eurotiomycetes	Eurotiales	Aspergillaceae	Aspergillus
GCF_000002855.3	5061	Eukaryota	Ascomycota	Eurotiomycetes	Eurotiales	Aspergillaceae	Aspergillus
GCF_000184455.2	5062	Eukaryota	Ascomycota	Eurotiomycetes	Eurotiales	Aspergillaceae	Aspergillus
GCA_000497105.2	1406948	Eukaryota	Ascomycota	Saccharomycetes	Saccharomycetales	Saccharomycetaceae	Nakaseomyces
GCF_000149615.1	33178	Eukaryota	Ascomycota	Eurotiomycetes	Eurotiales	Aspergillaceae	Aspergillus
GCF_000002545.3	5478	Eukaryota	Ascomycota	Saccharomycetes	Saccharomycetales	Saccharomycetaceae	Nakaseomyces
GCF_000146045.2	4932	Eukaryota	Ascomycota	Saccharomycetes	Saccharomycetales	Saccharomycetaceae	Saccharomyces
GCA_010577765.1	76776	Eukaryota	Basidiomycota	Malasseziomycetes	Malasseziales	Malasseziaceae	Malassezia
GCA_022023575.1	2862414	Eukaryota	Ascomycota	Saccharomycetes	Saccharomycetales	Dipodascaceae	Dipodascus
GCA_900519045.1	479095	Eukaryota	Ascomycota	Saccharomycetes	Saccharomycetales	Dipodascaceae	Yarrowia
GCA_900106115.1	45354	Eukaryota	Ascomycota	Saccharomycetes	Saccharomycetales	Metschnikowiaceae	Candida/Metschnikowiaceae
GCF_001661255.1	4927	Eukaryota	Ascomycota	Saccharomycetes	Saccharomycetales	Phaffomycetaceae	Wickerhamomyces
GCF_000006335.3	5482	Eukaryota	Ascomycota	Saccharomycetes	Saccharomycetales	Debaryomycetaceae	Candida
GCF_000182765.1	5480	Eukaryota	Ascomycota	Saccharomycetes	Saccharomycetales	Debaryomycetaceae	Candida
GCA_024220505.1	64495	Eukaryota	Mucoromycota	Mucoromycetes	Mucorales	Rhizopodaceae	Rhizopus
GCA_009938135.1	55194	Eukaryota	Basidiomycota	Malasseziomycetes	Malasseziales	Malasseziaceae	Malassezia
GCA_019702695.1	2961	Eukaryota		Dinophyceae	Amphidiniales	Amphidiniaceae	Amphidinium
GCA_014885115.2	33640	Eukaryota	Bacillariophyta	Fragilariophyceae	Fragilariales	Fragilariaceae	Asterionellopsis
GCA_021605115.1	47775	Eukaryota	Chlorophyta	Chlorophyceae	Chlamydomonadales	Astrephomenaceae	Astrephomene
GCF_000733215.1	3075	Eukaryota	Chlorophyta	Trebouxiophyceae	Chlorellales	Chlorellaceae	Auxenochlorella
GCF_002220235.1	41875	Eukaryota	Chlorophyta	Mamiellophyceae	Mamiellales	Bathycoccaceae	Bathycoccus
GCA_000320545.1	227086	Eukaryota	Cercozoa	Chlorarachniophyceae			Bigelowiella
GCA_001460835.1	75058	Eukaryota	Euglenozoa	Kinetoplastea	Eubodonida	Bodonidae	Bodo
GCA_002005505.1	38881	Eukaryota	Chlorophyta	Trebouxiophyceae			Botryococcus
GCA_000507305.1	2499525	Eukaryota		Dinophyceae	Suessiales	Symbiodiniaceae	Breviolum
GCA_008330645.1	33653	Eukaryota		Bigyra	Bicosoecida	Cafeteriaceae	Cafeteria
GCA_021927905.1	426638	Eukaryota	Bacillariophyta	Coscinodiscophyceae	Chaetocerotales	Chaetocerotaceae	Chaetoceros
GCA_003427395.1	69332	Eukaryota	Streptophyta	Charophyceae	Charales	Characeae	Chara
GCA_001662365.1	35704	Eukaryota	Chlorophyta	Chlorophyceae	Chlamydomonadales	Chlamydomonadaceae	Chlamydomonas
GCA_001662385.1	51683	Eukaryota	Chlorophyta	Chlorophyceae	Chlamydomonadales	Chlamydomonadaceae	Chlamydomonas
GCA_016858145.1	47281	Eukaryota	Chlorophyta	Chlorophyceae	Chlamydomonadales		Edaphochlamys
GCA_001662425.1	28458	Eukaryota	Chlorophyta	Chlorophyceae	Chlamydomonadales	Chlamydomonadaceae	Chlamydomonas
GCA_025917655.1	3076	Eukaryota	Chlorophyta	Trebouxiophyceae	Chlorellales	Chlorellaceae	Chlorella
GCF_000147415.1	554065	Eukaryota	Chlorophyta	Trebouxiophyceae	Chlorellales	Chlorellaceae	Chlorella
GCA_023343905.1	3077	Eukaryota	Chlorophyta	Trebouxiophyceae	Chlorellales	Chlorellaceae	Chlorella
GCA_018398765.1	505693	Eukaryota				Chromeraceae	Chromera
GCA_000286095.1	195065	Eukaryota		Cryptophyceae	Pyrenomonadales	Chroomonadaceae	Chroomonas
GCA_002887195.1	127563	Eukaryota	Haptophyta		Prymnesiales	Chrysochromulinaceae	Chrysochromulina
GCA_003297045.1	1563116	Eukaryota		Dinophyceae	Suessiales	Symbiodiniaceae	Cladocopium
GCA_027943415.1	2790670	Eukaryota	Streptophyta	Zygnemophyceae	Desmidiales	Closteriaceae	Closterium
GCA_027943385.1	2019903	Eukaryota	Streptophyta	Zygnemophyceae	Desmidiales	Closteriaceae	Closterium
GCF_000258705.1	248742	Eukaryota	Chlorophyta	Trebouxiophyceae			Coccomyxa
GCA_000194455.1	2898	Eukaryota		Cryptophyceae	Cryptomonadales	Cryptomonadaceae	Cryptomonas
GCA_013995675.1	2690220	Eukaryota	Rhodophyta	Bangiophyceae	Cyanidiales	Cyanidiaceae	Cyanidiococcus
GCA_004431415.1	2762	Eukaryota		Glaucocystophyceae		Cyanophoraceae	Cyanophora
GCA_019693525.1	2853	Eukaryota	Bacillariophyta	Bacillariophyceae	Bacillariales	Bacillariaceae	Cylindrotheca
GCA_015146095.1	457357	Eukaryota		Chrysophyceae	Chromulinales	Dinobryaceae	Dinobryon
GCA_914767535.1	257627	Eukaryota	Chlorophyta	Chlorophyceae	Chlamydomonadales	Dunaliellaceae	Dunaliella
GCA_002284615.2	3046	Eukaryota	Chlorophyta	Chlorophyceae	Chlamydomonadales	Dunaliellaceae	Dunaliella
GCF_000372725.1	2903	Eukaryota	Haptophyta		Isochrysidales	Noelaerhabdaceae	Emiliania
GCA_003117195.1	593785	Eukaryota	Chlorophyta	Chlorophyceae	Chlamydomonadales	Volvocaceae	Eudorina
GCA_900893395.1	3039	Eukaryota	Euglenozoa	Euglenida	Euglenales	Euglenaceae	Euglena
GCA_001584585.1	33097	Eukaryota	Chlorophyta	Chlorophyceae	Chlamydomonadales	Volvocaceae	Gonium
GCA_003970955.1	44745	Eukaryota	Chlorophyta	Chlorophyceae	Chlamydomonadales	Haematococcaceae	Haematococcus
GCA_000018645.1	464988	Eukaryota		Cryptophyceae	Cryptomonadales	Hemiselmidaceae	Hemiselmis
GCA_003568945.1	797122	Eukaryota	Fornicata				Kipferlia
GCA_000708835.1	105231	Eukaryota	Streptophyta	Klebsormidiophyceae	Klebsormidiales	Klebsormidiaceae	Klebsormidium
GCA_027923505.1	2872254	Eukaryota	Bacillariophyta	Bacillariophyceae	Naviculales	Naviculaceae	Mayamaea
GCA_009746045.1	41882	Eukaryota	Streptophyta	Mesostigmatophyceae	Mesostigmatales	Mesostigmataceae	Mesostigma
GCA_008037345.1	81816	Eukaryota	Chlorophyta	Chlorophyceae	Sphaeropleales	Selenastraceae	Messastrum
GCF_000240725.1	72520	Eukaryota		Eustigmatophyceae	Eustigmatales	Monodopsidaceae	Nannochloropsis
GCF_000090985.2	296587	Eukaryota	Chlorophyta	Mamiellophyceae	Mamiellales	Mamiellaceae	Micromonas
GCF_000151265.2	38833	Eukaryota	Chlorophyta	Mamiellophyceae	Mamiellales	Mamiellaceae	Micromonas
GCA_025201885.1	39955	Eukaryota	Chlorophyta	Chlorophyceae	Sphaeropleales	Selenastraceae	Monoraphidium
GCA_004335405.1	43926	Eukaryota		Eustigmatophyceae	Eustigmatales	Monodopsidaceae	Nannochloropsis
GCA_004519485.1	145522	Eukaryota		Eustigmatophyceae	Eustigmatales	Monodopsidaceae	Nannochloropsis
GCA_019593585.1	303400	Eukaryota	Bacillariophyta	Bacillariophyceae	Bacillariales	Bacillariaceae	Nitzschia
GCA_016586335.1	2742595	Eukaryota	Bacillariophyta	Bacillariophyceae	Bacillariales	Bacillariaceae	Nitzschia
GCA_015146655.1	2986	Eukaryota		Chrysophyceae	Chromulinales	Chromulinaceae	Ochromonas
GCF_000092065.1	242159	Eukaryota	Chlorophyta	Mamiellophyceae	Mamiellales	Bathycoccaceae	Ostreococcus
GCF_000214015.3	70448	Eukaryota	Chlorophyta	Mamiellophyceae	Mamiellales	Bathycoccaceae	Ostreococcus
GCA_015712045.1	3074	Eukaryota	Chlorophyta	Trebouxiophyceae	Chlorellales	Chlorellaceae	Parachlorella
GCA_016759055.1	74790	Eukaryota	Ciliophora	Oligohymenophorea	Peniculida	Parameciidae	Paramecium
GCA_019918135.1	1928728	Eukaryota	Cercozoa	Imbricatea	Euglyphida	Paulinellidae	Paulinella
GCA_918797485.1	35677	Eukaryota		Pelagophyceae	Pelagomonadales		Pelagomonas
GCA_023375785.1	102169	Eukaryota	Streptophyta	Zygnemophyceae	Desmidiales	Peniaceae	Penium
GCF_000150955.2	2850	Eukaryota	Bacillariophyta	Bacillariophyceae	Naviculales	Phaeodactylaceae	Phaeodactylum
GCA_008690995.1	35688	Eukaryota	Rhodophyta	Bangiophyceae	Porphyridiales	Porphyridiaceae	Porphyridium
GCA_001652855.1	39449	Eukaryota		Dinophyceae	Prorocentrales	Prorocentraceae	Prorocentrum
GCA_938743325.1	41880	Eukaryota	Chlorophyta			Pycnococcaceae	Pycnococcus
GCA_018697155.1	36894	Eukaryota	Chlorophyta	Pyramimonadophyceae	Pyramimonadales	Pyramimonadaceae	Pyramimonas
GCA_003203535.1	307507	Eukaryota	Chlorophyta	Chlorophyceae	Sphaeropleales	Selenastraceae	Raphidocelis
GCA_018806925.1	2843	Eukaryota	Bacillariophyta	Coscinodiscophyceae	Thalassiosirales	Skeletonemataceae	Skeletonema
GCA_003297005.1	1563115	Eukaryota		Dinophyceae	Suessiales	Symbiodiniaceae	Symbiodinium
GCA_002891735.1	47790	Eukaryota	Chlorophyta	Chlorophyceae	Chlamydomonadales	Tetrabaenaceae	Tetrabaena
GCA_902809745.2	91191	Eukaryota	Chlorophyta	Chlorophyceae	Sphaeropleales	Scenedesmaceae	Tetradesmus
GCA_900108755.1	3088	Eukaryota	Chlorophyta	Chlorophyceae	Sphaeropleales	Scenedesmaceae	Tetradesmus
GCA_026401115.1	63592	Eukaryota	Chlorophyta	Chlorodendrophyceae	Chlorodendrales	Chlorodendraceae	Tetraselmis
GCA_006384855.1	3165	Eukaryota	Chlorophyta	Chlorodendrophyceae	Chlorodendrales	Chlorodendraceae	Tetraselmis
GCA_019693375.1	60131	Eukaryota	Chlorophyta	Trebouxiophyceae	Trebouxiales	Trebouxiaceae	Asterochloris
GCA_012489335.1	1534972	Eukaryota		Bolidophyceae	Parmales	Triparmaceae	Triparma
GCA_019650175.1	51714	Eukaryota	Chlorophyta	Chlorophyceae	Chlamydomonadales	Volvocaceae	Volvox
GCF_000143455.1	3067	Eukaryota	Chlorophyta	Chlorophyceae	Chlamydomonadales	Volvocaceae	Volvox
GCA_019650235.1	1737510	Eukaryota	Chlorophyta	Chlorophyceae	Chlamydomonadales	Volvocaceae	Volvox
GCA_003116995.1	51707	Eukaryota	Chlorophyta	Chlorophyceae	Chlamydomonadales	Volvocaceae	Yamagishiella
GCF_000182965.3	5476	Eukaryota	Ascomycota	Saccharomycetes	Saccharomycetales	Debaryomycetaceae	Candida
GCF_000243375.1	4950	Eukaryota	Ascomycota	Saccharomycetes	Saccharomycetales	Saccharomycetaceae	Torulaspora
GCF_001417885.1	4911	Eukaryota	Ascomycota	Saccharomycetes	Saccharomycetales	Saccharomycetaceae	Kluyveromyces
GCF_000149425.1	4929	Eukaryota	Ascomycota	Saccharomycetes	Saccharomycetales	Debaryomycetaceae	Meyerozyma
GCA_004919595.1	34356	Eukaryota	Ascomycota	Saccharomycetes	Saccharomycetales	Debaryomycetaceae	Kodamaea
GCF_003054445.1	4909	Eukaryota	Ascomycota	Saccharomycetes	Saccharomycetales	Pichiaceae	Pichia
GCF_001661405.1	4903	Eukaryota	Ascomycota	Saccharomycetes	Saccharomycetales	Phaffomycetaceae	Cyberlindnera
GCA_003705165.1	36909	Eukaryota	Ascomycota	Saccharomycetes	Saccharomycetales	Saccharomycetaceae	Citeromyces
GCA_001599735.1	100951	Eukaryota	Basidiomycota	Tremellomycetes	Filobasidiales	Filobasidiaceae	Naganishia
GCF_000006445.2	4959	Eukaryota	Ascomycota	Saccharomycetes	Saccharomycetales	Debaryomycetaceae	Debaryomyces
GCF_025882075.1	4972	Eukaryota	Basidiomycota	Tremellomycetes	Tremellales	Bulleribasidiaceae	Dioszegia
GCA_003705295.1	45794	Eukaryota	Ascomycota	Saccharomycetes	Saccharomycetales	Dipodascaceae	Sporopachydermia
GCA_014825765.1	89926	Eukaryota	Basidiomycota	Tremellomycetes	Cystofilobasidiales	Cystofilobasidiaceae	Cystofilobasidium
GCA_013365045.1	1173061	Eukaryota	Ascomycota	Saccharomycetes	Saccharomycetales	Dipodascaceae	Geotrichum
GCA_001599695.1	89928	Eukaryota	Basidiomycota	Tremellomycetes	Tremellales	Phaeotremellaceae	Phaeotremella
GCF_001661235.1	4926	Eukaryota	Ascomycota	Saccharomycetes	Saccharomycetales	Pichiaceae	Pichia
GCA_003243715.1	29833	Eukaryota	Ascomycota	Saccharomycetes	Saccharomycetales	Saccharomycodaceae	Hanseniaspora
GCA_000585475.3	56409	Eukaryota	Ascomycota	Saccharomycetes	Saccharomycetales	Saccharomycodaceae	Hanseniaspora
GCF_000002515.2	28985	Eukaryota	Ascomycota	Saccharomycetes	Saccharomycetales	Saccharomycetaceae	Kluyveromyces
GCA_001661315.1	45786	Eukaryota	Ascomycota	Saccharomycetes	Saccharomycetales		Nadsonia
GCA_003709225.2	28549	Eukaryota	Ascomycota	Saccharomycetes	Saccharomycetales	Debaryomycetaceae	Priceomyces
GCA_003707025.1	45511	Eukaryota	Ascomycota	Saccharomycetes	Saccharomycetales	Debaryomycetaceae	Yamadazyma
GCF_000320785.1	5286	Eukaryota	Basidiomycota	Microbotryomycetes	Sporidiobolales	Sporidiobolaceae	Rhodotorula
GCA_024748845.1	5537	Eukaryota	Basidiomycota	Microbotryomycetes	Sporidiobolales	Sporidiobolaceae	Rhodotorula
GCA_016584175.1	34358	Eukaryota	Ascomycota	Saccharomycetes	Saccharomycetales	Saccharomycetaceae	Kazachstania
GCF_000026365.1	4956	Eukaryota	Ascomycota	Saccharomycetes	Saccharomycetales	Saccharomycetaceae	Zygosaccharomyces
GCA_001936155.1	4944	Eukaryota	Ascomycota	Saccharomycetes	Saccharomycetales	Saccharomycopsidaceae	Saccharomycopsis
GCF_000002525.2	4952	Eukaryota	Ascomycota	Saccharomycetes	Saccharomycetales	Dipodascaceae	Yarrowia
GCA_008065275.1	5417	Eukaryota	Basidiomycota	Tremellomycetes	Trichosporonales	Trichosporonaceae	Vanrija
GCA_010758995.1	5003	Eukaryota	Basidiomycota	Microbotryomycetes	Sporidiobolales	Sporidiobolaceae	Sporobolomyces
GCA_001373355.1	5005	Eukaryota	Basidiomycota	Microbotryomycetes	Sporidiobolales	Sporidiobolaceae	Sporobolomyces
GCA_001600715.1	5554	Eukaryota	Basidiomycota	Tremellomycetes	Trichosporonales	Trichosporonaceae	Cutaneotrichosporon
GCA_011022315.1	27292	Eukaryota	Ascomycota	Saccharomycetes	Saccharomycetales	Saccharomycetaceae	Saccharomyces
GCA_947243785.1	114524	Eukaryota	Ascomycota	Saccharomycetes	Saccharomycetales	Saccharomycetaceae	Saccharomyces
GCF_020623625.1	36035	Eukaryota	Ascomycota	Saccharomycetes	Saccharomycetales	Saccharomycodaceae	Saccharomycodes
GCF_000150505.1	4899	Eukaryota	Ascomycota	Schizosaccharomycetes	Schizosaccharomycetales	Schizosaccharomycetaceae	Schizosaccharomyces
GCF_000002945.1	4896	Eukaryota	Ascomycota	Schizosaccharomycetes	Schizosaccharomycetales	Schizosaccharomycetaceae	Schizosaccharomyces
GCA_001599155.1	45790	Eukaryota	Ascomycota	Saccharomycetes	Saccharomycetales	Debaryomycetaceae	Wickerhamia
GCA_001661245.1	4918	Eukaryota	Ascomycota	Saccharomycetes	Saccharomycetales		Pachysolen
GCA_003285555.1	45537	Eukaryota	Ascomycota	Saccharomycetes	Saccharomycetales		Diutina
GCA_017655625.1	273372	Eukaryota	Ascomycota	Saccharomycetes	Saccharomycetales	Debaryomycetaceae	Candida
GCA_001664025.1	766949	Eukaryota	Ascomycota	Saccharomycetes	Saccharomycetales	Saccharomycodaceae	Hanseniaspora
GCA_002196765.1	4920	Eukaryota	Ascomycota	Saccharomycetes	Saccharomycetales	Debaryomycetaceae	Millerozyma
GCA_022641835.1	36022	Eukaryota	Ascomycota	Saccharomycetes	Saccharomycetales	Phaffomycetaceae	Cyberlindnera
GCA_003339355.1	53655	Eukaryota	Ascomycota	Saccharomycetes	Saccharomycetales	Pichiaceae	Pichia
GCA_003707015.2	1156965	Eukaryota	Ascomycota	Saccharomycetes	Saccharomycetales	Phaffomycetaceae	Wickerhamomyces
GCF_000142805.1	381046	Eukaryota	Ascomycota	Saccharomycetes	Saccharomycetales	Saccharomycetaceae	Lachancea
GCA_009932455.1	27326	Eukaryota	Ascomycota	Saccharomycetes	Saccharomycetales	Metschnikowiaceae	Metschnikowia
GCA_019431265.1	4931	Eukaryota	Ascomycota	Saccharomycetes	Saccharomycetales	Saccharomycetaceae	Saccharomyces
GCA_900162805.1	4954	Eukaryota	Ascomycota	Saccharomycetes	Saccharomycetales	Saccharomycetaceae	Zygosaccharomyces
GCA_024606485.1	82525	Eukaryota	Basidiomycota	Tremellomycetes	Cystofilobasidiales	Mrakiaceae	Tausonia
GCF_002079055.1	27291	Eukaryota	Ascomycota	Saccharomycetes	Saccharomycetales	Saccharomycetaceae	Saccharomyces
GCF_000209165.1	4924	Eukaryota	Ascomycota	Saccharomycetes	Saccharomycetales	Debaryomycetaceae	Scheffersomyces
GCA_003707065.2	34364	Eukaryota	Ascomycota	Saccharomycetes	Saccharomycetales	Trigonopsidaceae	Trigonopsis
GCA_000344705.1	5479	Eukaryota	Ascomycota	Saccharomycetes	Saccharomycetales	Debaryomycetaceae	Candida
GCF_008704595.1	5481	Eukaryota	Ascomycota	Saccharomycetes	Saccharomycetales		Diutina
GCA_003707555.1	33165	Eukaryota	Ascomycota	Saccharomycetes	Saccharomycetales	Saccharomycetaceae	Kluyveromyces
GCA_000167115.1	4914	Eukaryota	Ascomycota	Saccharomycetes	Saccharomycetales	Saccharomycetaceae	Lachancea
GCA_003705805.2	51656	Eukaryota	Ascomycota	Saccharomycetes	Saccharomycetales	Saccharomycetaceae	Kluyveromyces
GCA_000179415.1	51658	Eukaryota	Ascomycota	Saccharomycetes	Saccharomycetales	Saccharomycetaceae	Kluyveromyces
GCA_001039675.1	51657	Eukaryota	Ascomycota	Saccharomycetes	Saccharomycetales	Saccharomycetaceae	Nakaseomyces
GCF_000304475.1	1071382	Eukaryota	Ascomycota	Saccharomycetes	Saccharomycetales	Saccharomycetaceae	Kazachstania
GCF_000315915.1	1071380	Eukaryota	Ascomycota	Saccharomycetes	Saccharomycetales	Saccharomycetaceae	Tetrapisispora
GCA_001046975.1	51660	Eukaryota	Ascomycota	Saccharomycetes	Saccharomycetales	Saccharomycetaceae	Nakaseomyces
GCA_000300575.2	5341	Eukaryota	Basidiomycota	Agaricomycetes	Agaricales	Agaricaceae	Agaricus
GCA_027604645.1	64505	Eukaryota	Blastocladiomycota	Blastocladiomycetes	Blastocladiales	Blastocladiaceae	Allomyces
GCA_013376435.1	64608	Eukaryota	Basidiomycota	Agaricomycetes	Agaricales	Strophariaceae	Agrocybe
GCA_003316025.1	56187	Eukaryota	Basidiomycota	Agaricomycetes	Agaricales	Agaricaceae	Coprinus
GCA_023703485.1	60444	Eukaryota	Ascomycota	Sordariomycetes	Diaporthales	Diaporthaceae	Diaporthe
GCA_020875535.1	35725	Eukaryota	Ascomycota	Dothideomycetes	Botryosphaeriales	Botryosphaeriaceae	Macrophomina
GCA_001679825.1	108572	Eukaryota	Basidiomycota	Agaricomycetes	Agaricales	Physalacriaceae	Armillaria
GCF_000002655.1	746128	Eukaryota	Ascomycota	Eurotiomycetes	Eurotiales	Aspergillaceae	Aspergillus
GCA_001990825.1	40993	Eukaryota	Ascomycota	Eurotiomycetes	Eurotiales	Aspergillaceae	Aspergillus
GCF_013340325.1	5068	Eukaryota	Ascomycota	Eurotiomycetes	Eurotiales	Aspergillaceae	Aspergillus
GCA_001889945.1	319629	Eukaryota	Ascomycota	Eurotiomycetes	Eurotiales	Aspergillaceae	Aspergillus
GCA_004849945.1	40380	Eukaryota	Ascomycota	Eurotiomycetes	Eurotiales	Aspergillaceae	Aspergillus
GCA_008274985.1	41058	Eukaryota	Ascomycota	Eurotiomycetes	Eurotiales	Aspergillaceae	Aspergillus
GCF_000143365.1	38033	Eukaryota	Ascomycota	Sordariomycetes	Sordariales	Chaetomiaceae	Chaetomium
GCA_023634325.1	166633	Eukaryota	Ascomycota	Dothideomycetes	Cladosporiales	Cladosporiaceae	Cladosporium
GCA_002901145.1	29917	Eukaryota	Ascomycota	Dothideomycetes	Cladosporiales	Cladosporiaceae	Cladosporium
GCA_001693025.2	290576	Eukaryota	Ascomycota	Sordariomycetes	Glomerellales	Glomerellaceae	Colletotrichum
GCA_025201675.1	76405	Eukaryota	Mucoromycota	Mucoromycetes	Mucorales	Cunninghamellaceae	Cunninghamella
GCA_000697015.1	4853	Eukaryota	Mucoromycota	Mucoromycetes	Mucorales	Cunninghamellaceae	Cunninghamella
GCA_005212705.1	5503	Eukaryota	Ascomycota	Dothideomycetes	Pleosporales	Pleosporaceae	Curvularia
GCA_013266205.1	57161	Eukaryota	Ascomycota	Sordariomycetes	Hypocreales	Nectriaceae	Fusarium
GCA_016952355.1	5516	Eukaryota	Ascomycota	Sordariomycetes	Hypocreales	Nectriaceae	Fusarium
GCF_000271745.1	5507	Eukaryota	Ascomycota	Sordariomycetes	Hypocreales	Nectriaceae	Fusarium
GCA_025948275.1	40199	Eukaryota	Ascomycota	Sordariomycetes	Hypocreales	Nectriaceae	Fusarium
GCA_013396035.1	56676	Eukaryota	Ascomycota	Sordariomycetes	Hypocreales	Nectriaceae	Fusarium
GCA_011316235.1	2567926	Eukaryota	Ascomycota	Sordariomycetes	Sordariales	Chaetomiaceae	Trichocladium
GCA_027405735.1	4841	Eukaryota	Mucoromycota	Mucoromycetes	Mucorales	Mucoraceae	Mucor
GCA_019977855.1	36655	Eukaryota	Ascomycota	Eurotiomycetes	Eurotiales	Aspergillaceae	Penicillium
GCA_027569715.1	39317	Eukaryota	Ascomycota	Eurotiomycetes	Eurotiales	Aspergillaceae	Hamigera
GCA_014839975.1	5075	Eukaryota	Ascomycota	Eurotiomycetes	Eurotiales	Aspergillaceae	Penicillium
GCA_018340795.1	303698	Eukaryota	Ascomycota	Eurotiomycetes	Eurotiales	Aspergillaceae	Penicillium
GCA_018410145.1	70792	Eukaryota	Ascomycota	Eurotiomycetes	Eurotiales	Aspergillaceae	Penicillium
GCA_028827155.1	5077	Eukaryota	Ascomycota	Eurotiomycetes	Eurotiales	Aspergillaceae	Penicillium
GCF_000769745.1	27334	Eukaryota	Ascomycota	Eurotiomycetes	Eurotiales	Aspergillaceae	Penicillium
GCA_028827395.1	40994	Eukaryota	Ascomycota	Eurotiomycetes	Eurotiales	Aspergillaceae	Penicillium
GCA_028827405.1	36656	Eukaryota	Ascomycota	Eurotiomycetes	Eurotiales	Aspergillaceae	Penicillium
GCF_000226395.1	1108849	Eukaryota	Ascomycota	Eurotiomycetes	Eurotiales	Aspergillaceae	Penicillium
GCA_000710275.1	5076	Eukaryota	Ascomycota	Eurotiomycetes	Eurotiales	Aspergillaceae	Penicillium
GCA_028827255.1	5074	Eukaryota	Ascomycota	Eurotiomycetes	Eurotiales	Aspergillaceae	Penicillium
GCA_000733025.2	229535	Eukaryota	Ascomycota	Eurotiomycetes	Eurotiales	Aspergillaceae	Penicillium
GCA_000697035.1	4846	Eukaryota	Mucoromycota	Mucoromycetes	Mucorales	Rhizopodaceae	Rhizopus
GCA_016612005.1	1979465	Eukaryota	Ascomycota	Dothideomycetes	Pleosporales	Pleosporaceae	Neocamarosporium
GCA_002247145.1	639000	Eukaryota	Oomycota		Peronosporales	Peronosporaceae	Phytophthora
GCA_001021365.1	74722	Eukaryota	Ascomycota	Sordariomycetes	Hypocreales	Stachybotryaceae	Stachybotrys
GCA_022701375.1	47278	Eukaryota	Ascomycota	Sordariomycetes	Hypocreales		Trichothecium
GCA_026259275.1	5548	Eukaryota	Ascomycota	Sordariomycetes	Hypocreales	Hypocreaceae	Trichoderma
GCA_019565615.1	1491479	Eukaryota	Ascomycota	Sordariomycetes	Hypocreales	Hypocreaceae	Trichoderma
GCF_000167675.1	51453	Eukaryota	Ascomycota	Sordariomycetes	Hypocreales	Hypocreaceae	Trichoderma
GCF_003025095.1	5544	Eukaryota	Ascomycota	Sordariomycetes	Hypocreales	Hypocreaceae	Trichoderma
GCF_000170995.1	29875	Eukaryota	Ascomycota	Sordariomycetes	Hypocreales	Hypocreaceae	Trichoderma
GCF_001890125.1	46472	Eukaryota	Ascomycota	Eurotiomycetes	Eurotiales	Aspergillaceae	Aspergillus
GCA_025592505.1	138282	Eukaryota	Ascomycota	Eurotiomycetes	Eurotiales	Aspergillaceae	Aspergillus
GCA_002105135.1	13706	Eukaryota	Mucoromycota	Mucoromycetes	Mucorales	Syncephalastraceae	Syncephalastrum
GCF_001561935.1	5078	Eukaryota	Ascomycota	Eurotiomycetes	Eurotiales	Aspergillaceae	Penicillium
GCF_025094135.1	29922	Eukaryota	Mucoromycota	Mucoromycetes	Mucorales	Mucoraceae	Mucor
GCA_001599575.1	36080	Eukaryota	Mucoromycota	Mucoromycetes	Mucorales	Mucoraceae	Mucor
GCF_000721775.1	46634	Eukaryota	Ascomycota	Dothideomycetes	Dothideales	Saccotheciaceae	Aureobasidium
GCF_000721785.1	5580	Eukaryota	Ascomycota	Dothideomycetes	Dothideales	Saccotheciaceae	Aureobasidium
GCF_001642055.1	5599	Eukaryota	Ascomycota	Dothideomycetes	Pleosporales	Pleosporaceae	Alternaria
GCA_026262445.1	102001	Eukaryota	Ascomycota	Dothideomycetes	Pleosporales	Pleosporaceae	Bipolaris
GCF_000002715.2	5057	Eukaryota	Ascomycota	Eurotiomycetes	Eurotiales	Aspergillaceae	Aspergillus
GCA_028505765.1	5067	Eukaryota	Ascomycota	Eurotiomycetes	Eurotiales	Aspergillaceae	Aspergillus
GCF_014117465.1	5059	Eukaryota	Ascomycota	Eurotiomycetes	Eurotiales	Aspergillaceae	Aspergillus
GCA_002851705.1	27335	Eukaryota	Ascomycota	Sordariomycetes	Glomerellales	Plectosphaerellaceae	Verticillium
GCF_000150675.1	27337	Eukaryota	Ascomycota	Sordariomycetes	Glomerellales	Plectosphaerellaceae	Verticillium
GCA_001571465.2	128442	Eukaryota	Ascomycota	Eurotiomycetes	Eurotiales	Trichocomaceae	Talaromyces
GCF_000280675.1	176275	Eukaryota	Ascomycota	Sordariomycetes	Hypocreales	Cordycipitaceae	Beauveria
GCF_001636725.1	114497	Eukaryota	Ascomycota	Sordariomycetes	Hypocreales	Cordycipitaceae	Cordyceps
GCA_020081605.1	1859699	Eukaryota	Ascomycota	Sordariomycetes	Hypocreales	Stachybotryaceae	Albifimbria
GCA_019453395.1	1659837	Eukaryota	Ascomycota	Dothideomycetes	Pleosporales	Pleosporaceae	Exserohilum
GCA_000769265.1	5044	Eukaryota	Ascomycota	Sordariomycetes	Hypocreales		Acremonium
GCA_001640685.1	72027	Eukaryota	Ascomycota	Sordariomycetes	Microascales	Ceratocystidaceae	Ceratocystis
GCA_000738655.1	415593	Eukaryota	Ascomycota	Dothideomycetes	Venturiales	Venturiaceae	Venturia
GCA_024706585.1	69488	Eukaryota	Ascomycota	Eurotiomycetes	Eurotiales	Aspergillaceae	Penicillium
GCA_000611695.1	4839	Eukaryota	Mucoromycota	Mucoromycetes	Mucorales	Lichtheimiaceae	Rhizomucor
GCA_028829465.1	69789	Eukaryota	Ascomycota	Eurotiomycetes	Eurotiales	Aspergillaceae	Penicillium
GCF_002708625.1	58291	Eukaryota	Mucoromycota	Mucoromycetes	Mucorales	Rhizopodaceae	Rhizopus
GCF_000146945.2	5180	Eukaryota	Ascomycota	Leotiomycetes	Helotiales	Sclerotiniaceae	Sclerotinia
GCA_003664465.1	523103	Eukaryota	Ascomycota	Eurotiomycetes	Onygenales	Arthrodermataceae	Trichophyton
GCF_000151425.1	5551	Eukaryota	Ascomycota	Eurotiomycetes	Onygenales	Arthrodermataceae	Trichophyton
GCA_021396235.1	431197	Eukaryota	Ascomycota	Sordariomycetes	Ophiostomatales	Ophiostomataceae	Sporothrix
GCA_022985105.1	69780	Eukaryota	Ascomycota	Eurotiomycetes	Eurotiales	Aspergillaceae	Penicillium
GCA_023624915.1	1220191	Eukaryota	Ascomycota	Eurotiomycetes	Eurotiales	Aspergillaceae	Aspergillus
GCA_021209875.1	77044	Eukaryota	Ascomycota	Sordariomycetes	Xylariales	Xylariaceae	Rosellinia
GCF_000225545.1	2813651	Eukaryota	Ascomycota	Orbiliomycetes	Orbiliales	Orbiliaceae	Orbilia
GCA_002116315.1	105696	Eukaryota	Ascomycota	Dothideomycetes	Pleosporales	Didymellaceae	Epicoccum
GCF_000151145.1	63405	Eukaryota	Ascomycota	Eurotiomycetes	Onygenales	Arthrodermataceae	Microsporum
GCA_014898285.1	139639	Eukaryota	Ascomycota	Leotiomycetes	Helotiales	Sclerotiniaceae	Botrytis
GCF_002742065.1	122368	Eukaryota	Ascomycota	Dothideomycetes	Mycosphaerellales	Mycosphaerellaceae	Cercospora
GCA_002249775.1	27358	Eukaryota	Ascomycota	Sordariomycetes	Glomerellales	Glomerellaceae	Colletotrichum
GCA_009900065.1	34406	Eukaryota	Ascomycota	Sordariomycetes	Glomerellales	Glomerellaceae	Colletotrichum
GCA_014235955.1	2175907	Eukaryota	Ascomycota	Sordariomycetes	Glomerellales	Glomerellaceae	Colletotrichum
GCA_011503125.2	55169	Eukaryota	Ascomycota	Dothideomycetes	Botryosphaeriales	Botryosphaeriaceae	Botryosphaeria
GCA_003184595.1	1450533	Eukaryota	Ascomycota	Eurotiomycetes	Eurotiales	Aspergillaceae	Aspergillus
GCA_011058895.1	1769908	Eukaryota	Ascomycota	Dothideomycetes	Pleosporales	Didymellaceae	Didymella
GCA_027946535.1	749634	Eukaryota	Ascomycota	Dothideomycetes	Pleosporales	Didymellaceae	Didymella
GCF_001890725.1	5066	Eukaryota	Ascomycota	Eurotiomycetes	Eurotiales	Aspergillaceae	Aspergillus
GCF_000151125.1	63400	Eukaryota	Ascomycota	Eurotiomycetes	Onygenales	Arthrodermataceae	Trichophyton
GCA_019359935.1	101480	Eukaryota	Ascomycota	Eurotiomycetes	Onygenales	Arthrodermataceae	Trichophyton
GCF_015533775.1	5082	Eukaryota	Ascomycota	Eurotiomycetes	Eurotiales	Aspergillaceae	Penicillium
GCF_000150975.2	63402	Eukaryota	Ascomycota	Eurotiomycetes	Onygenales	Arthrodermataceae	Nannizzia
GCA_002976275.1	89489	Eukaryota	Ascomycota	Eurotiomycetes	Eurotiales	Aspergillaceae	Monascus
GCF_001896365.1	1196081	Eukaryota	Ascomycota	Eurotiomycetes	Eurotiales	Trichocomaceae	Talaromyces
GCA_025592935.1	138279	Eukaryota	Ascomycota	Eurotiomycetes	Eurotiales	Aspergillaceae	Aspergillus
GCA_013466175.1	60169	Eukaryota	Ascomycota	Eurotiomycetes	Eurotiales	Aspergillaceae	Penicillium
GCA_020736905.1	1567482	Eukaryota	Ascomycota	Sordariomycetes	Hypocreales	Hypocreaceae	Trichoderma
GCA_028502605.1	2034170	Eukaryota	Ascomycota	Sordariomycetes	Hypocreales	Hypocreaceae	Trichoderma
GCA_022985005.1	337941	Eukaryota	Ascomycota	Sordariomycetes	Hypocreales	Hypocreaceae	Trichoderma
GCA_001950475.1	97093	Eukaryota	Ascomycota	Sordariomycetes	Hypocreales	Hypocreaceae	Trichoderma
GCA_007896495.1	5547	Eukaryota	Ascomycota	Sordariomycetes	Hypocreales	Hypocreaceae	Trichoderma
GCF_003025105.1	101201	Eukaryota	Ascomycota	Sordariomycetes	Hypocreales	Hypocreaceae	Trichoderma
GCA_019976475.1	357447	Eukaryota	Ascomycota	Eurotiomycetes	Eurotiales	Aspergillaceae	Aspergillus
GCA_000472125.2	42368	Eukaryota	Ascomycota	Sordariomycetes	Hypocreales	Ophiocordycipitaceae	Hirsutella
GCA_013305495.1	5530	Eukaryota	Ascomycota	Sordariomycetes	Hypocreales	Clavicipitaceae	Metarhizium
GCA_028009165.1	2231603	Eukaryota	Ascomycota	Sordariomycetes	Hypocreales	Cordycipitaceae	Akanthomyces
GCF_000315645.1	36651	Eukaryota	Ascomycota	Eurotiomycetes	Eurotiales	Aspergillaceae	Penicillium
GCA_025999795.1	5098	Eukaryota	Ascomycota	Eurotiomycetes	Eurotiales	Aspergillaceae	Monascus
GCA_004154925.1	155416	Eukaryota	Ascomycota	Sordariomycetes	Xylariales		Monosporascus
GCA_018691715.1	4785	Eukaryota	Oomycota		Peronosporales	Peronosporaceae	Phytophthora
GCF_000143185.2	5334	Eukaryota	Basidiomycota	Agaricomycetes	Agaricales	Schizophyllaceae	Schizophyllum
GCF_001890905.1	5053	Eukaryota	Ascomycota	Eurotiomycetes	Eurotiales	Aspergillaceae	Aspergillus
GCA_003987915.1	2018698	Eukaryota	Basidiomycota	Agaricomycetes	Agaricales	Mycenaceae	Mycena
GCA_023925345.1	64518	Eukaryota	Mucoromycota	Mortierellomycetes	Mortierellales	Mortierellaceae	Mortierella
GCA_017657125.1	561152	Eukaryota	Ascomycota	Sordariomycetes	Microascales	Microascaceae	Scopulariopsis
GCF_011692745.1	74035	Eukaryota	Ascomycota	Eurotiomycetes	Onygenales	Arthrodermataceae	Arthroderma
GCF_000151505.1	63417	Eukaryota	Ascomycota	Eurotiomycetes	Onygenales	Arthrodermataceae	Trichophyton
GCF_000143535.2	40559	Eukaryota	Ascomycota	Leotiomycetes	Helotiales	Sclerotiniaceae	Botrytis
GCA_003116535.1	5093	Eukaryota	Ascomycota	Eurotiomycetes	Eurotiales	Thermoascaceae	Paecilomyces
GCA_947297635.1	45518	Eukaryota	Ascomycota	Saccharomycetes	Saccharomycetales	Debaryomycetaceae	Yamadazyma
GCA_001005415.1	29830	Eukaryota	Ascomycota	Saccharomycetes	Saccharomycetales		Starmerella
GCA_001599335.1	5477	Eukaryota	Ascomycota	Saccharomycetes	Saccharomycetales	Pichiaceae	Ogataea
GCA_001077315.1	273131	Eukaryota	Ascomycota	Saccharomycetes	Saccharomycetales	Saccharomycetaceae	Nakaseomyces
GCA_003706575.1	268492	Eukaryota	Ascomycota	Saccharomycetes	Saccharomycetales	Debaryomycetaceae	Teunomyces
GCA_001649435.1	52256	Eukaryota	Ascomycota	Saccharomycetes	Saccharomycetales	Pichiaceae	Pichia
GCA_000755205.1	66948	Eukaryota	Ascomycota	Saccharomycetes	Saccharomycetales	Debaryomycetaceae	Meyerozyma
GCA_900519055.1	197054	Eukaryota	Ascomycota	Saccharomycetes	Saccharomycetales	Dipodascaceae	Yarrowia
GCA_004125075.1	45555	Eukaryota	Ascomycota	Saccharomycetes	Saccharomycetales		Starmerella
GCF_002926055.2	45357	Eukaryota	Ascomycota	Saccharomycetes	Saccharomycetales	Metschnikowiaceae	Candida/Metschnikowiaceae
GCA_003706695.2	49327	Eukaryota	Ascomycota	Saccharomycetes	Saccharomycetales		Candida/Saccharomycetales
GCA_004931855.1	52247	Eukaryota	Ascomycota	Saccharomycetes	Saccharomycetales	Pichiaceae	Pichia
GCA_003033435.1	5490	Eukaryota	Ascomycota	Saccharomycetes	Saccharomycetales		Starmerella
GCA_022457055.1	45567	Eukaryota	Ascomycota	Saccharomycetes	Saccharomycetales	Debaryomycetaceae	Yamadazyma
GCA_015708695.1	45568	Eukaryota	Ascomycota	Saccharomycetes	Saccharomycetales	Debaryomycetaceae	Kodamaea
GCA_003706615.2	49329	Eukaryota	Ascomycota	Saccharomycetes	Saccharomycetales	Phaffomycetaceae	Barnettozyma
GCA_003708295.2	130814	Eukaryota	Ascomycota	Saccharomycetes	Saccharomycetales	Phaffomycetaceae	Cyberlindnera
GCA_017309295.1	418086	Eukaryota	Ascomycota	Saccharomycetes	Saccharomycetales	Saccharomycetaceae	Nakaseomyces
GCA_003707785.2	46584	Eukaryota	Ascomycota	Saccharomycetes	Saccharomycetales	Metschnikowiaceae	Candida/Metschnikowiaceae
GCA_003243815.1	39397	Eukaryota	Ascomycota	Saccharomycetes	Saccharomycetales	Debaryomycetaceae	Spathaspora
GCA_002118035.1	45589	Eukaryota	Ascomycota	Saccharomycetes	Saccharomycetales	Debaryomycetaceae	Scheffersomyces
GCF_002251995.1	45607	Eukaryota	Ascomycota	Saccharomycetes	Saccharomycetales	Trichomonascaceae	Wickerhamiella
GCA_004125005.1	140312	Eukaryota	Ascomycota	Saccharomycetes	Saccharomycetales		Starmerella
GCA_001599255.1	51927	Eukaryota	Ascomycota	Saccharomycetes	Saccharomycetales	Pichiaceae	Ogataea
GCF_000223465.1	2315449	Eukaryota	Ascomycota	Saccharomycetes	Saccharomycetales	Debaryomycetaceae	Yamadazyma
GCA_001599055.1	1526549	Eukaryota	Ascomycota	Sordariomycetes	Microascales	Ceratocystidaceae	Thielaviopsis
GCA_014839905.1	180776	Eukaryota	Ascomycota	Eurotiomycetes	Onygenales	Onygenaceae	Aphanoascus
GCA_012922615.1	5418	Eukaryota	Basidiomycota	Tremellomycetes	Tremellales	Rhynchogastremataceae	Papiliotrema
GCA_015708705.1	89929	Eukaryota	Basidiomycota	Tremellomycetes	Filobasidiales	Filobasidiaceae	Naganishia
GCA_004380915.1	196064	Eukaryota	Ascomycota	Sordariomycetes	Hypocreales	Nectriaceae	Calonectria
GCA_003708605.2	27297	Eukaryota	Ascomycota	Saccharomycetes	Saccharomycetales	Debaryomycetaceae	Debaryomyces
GCA_001754015.1	37662	Eukaryota	Ascomycota	Saccharomycetes	Saccharomycetales	Pichiaceae	Brettanomyces
GCF_011074885.1	5007	Eukaryota	Ascomycota	Saccharomycetes	Saccharomycetales	Pichiaceae	Brettanomyces
GCA_013305525.1	41735	Eukaryota	Ascomycota	Eurotiomycetes	Eurotiales	Aspergillaceae	Aspergillus
GCA_003814445.1	35717	Eukaryota	Ascomycota	Sordariomycetes	Hypocreales	Clavicipitaceae	Epichloe
GCA_027569315.1	5054	Eukaryota	Ascomycota	Eurotiomycetes	Eurotiales	Aspergillaceae	Aspergillus
GCF_016861735.1	182096	Eukaryota	Ascomycota	Eurotiomycetes	Eurotiales	Aspergillaceae	Aspergillus
GCF_001890805.1	41413	Eukaryota	Ascomycota	Eurotiomycetes	Eurotiales	Aspergillaceae	Aspergillus
GCA_022813405.1	1405805	Eukaryota	Ascomycota	Eurotiomycetes	Eurotiales	Aspergillaceae	Aspergillus
GCF_000600275.1	396024	Eukaryota	Ascomycota	Eurotiomycetes	Eurotiales	Aspergillaceae	Aspergillus
GCF_000091045.1	5207	Eukaryota	Basidiomycota	Tremellomycetes	Tremellales	Cryptococcaceae	Cryptococcus
GCA_001630605.1	79858	Eukaryota	Ascomycota	Leotiomycetes		Pseudeurotiaceae	Pseudogymnoascus
GCA_003313175.1	61235	Eukaryota	Ascomycota	Sordariomycetes	Hypocreales	Nectriaceae	Fusarium
GCF_000240135.3	5518	Eukaryota	Ascomycota	Sordariomycetes	Hypocreales	Nectriaceae	Fusarium
GCF_011800055.1	474922	Eukaryota	Ascomycota	Sordariomycetes	Glomerellales	Glomerellaceae	Colletotrichum
GCA_001563125.1	1209931	Eukaryota	Ascomycota	Sordariomycetes	Glomerellales	Glomerellaceae	Colletotrichum
GCA_001513895.1	67622	Eukaryota	Ascomycota	Sordariomycetes	Ophiostomatales	Ophiostomataceae	Graphilbum
GCA_003706875.2	54551	Eukaryota	Ascomycota	Saccharomycetes	Saccharomycetales	Pichiaceae	Pichia
GCF_000002495.2	318829	Eukaryota	Ascomycota	Sordariomycetes	Magnaporthales	Pyriculariaceae	Pyricularia
GCA_023091675.1	743927	Eukaryota	Mucoromycota	Mortierellomycetes	Mortierellales	Mortierellaceae	Linnemannia
GCA_015852425.1	979690	Eukaryota	Mucoromycota	Mortierellomycetes	Mortierellales	Mortierellaceae	Gryganskiella
GCA_000739165.1	78898	Eukaryota	Mucoromycota	Mortierellomycetes	Mortierellales	Mortierellaceae	Podila
GCF_000237345.1	27288	Eukaryota	Ascomycota	Saccharomycetes	Saccharomycetales	Saccharomycetaceae	Naumovozyma
GCF_000227115.2	27289	Eukaryota	Ascomycota	Saccharomycetes	Saccharomycetales	Saccharomycetaceae	Naumovozyma
GCF_026873545.1	195108	Eukaryota	Ascomycota	Sordariomycetes	Hypocreales	Nectriaceae	Fusarium
GCF_025433545.1	1328300	Eukaryota	Ascomycota	Sordariomycetes	Hypocreales	Nectriaceae	Fusarium
GCF_000149645.3	36630	Eukaryota	Ascomycota	Eurotiomycetes	Eurotiales	Aspergillaceae	Aspergillus
GCA_003706205.1	53649	Eukaryota	Ascomycota	Saccharomycetes	Saccharomycetales	Pichiaceae	Ogataea
GCA_019925375.1	1260070	Eukaryota	Ascomycota	Sordariomycetes	Ophiostomatales	Ophiostomataceae	Sporothrix
GCA_004028395.1	255215	Eukaryota	Ascomycota	Sordariomycetes	Ophiostomatales	Ophiostomataceae	Grosmannia
GCA_019925595.1	155651	Eukaryota	Ascomycota	Sordariomycetes	Ophiostomatales	Ophiostomataceae	Grosmannia
GCA_003706855.2	45501	Eukaryota	Ascomycota	Saccharomycetes	Saccharomycetales	Debaryomycetaceae	Priceomyces
GCA_900074765.1	4955	Eukaryota	Ascomycota	Saccharomycetes	Saccharomycetales	Saccharomycetaceae	Lachancea
GCF_001447935.2	58627	Eukaryota	Ascomycota	Saccharomycetes	Saccharomycetales	Debaryomycetaceae	Debaryomyces
GCA_001708105.1	4922	Eukaryota	Ascomycota	Saccharomycetes	Saccharomycetales	Phaffomycetaceae	Komagataella
GCA_900519085.1	1608523	Eukaryota	Ascomycota	Saccharomycetes	Saccharomycetales	Dipodascaceae	Yarrowia
GCA_003707275.2	324740	Eukaryota	Ascomycota	Saccharomycetes	Saccharomycetales	Pichiaceae	Kregervanrija
GCA_007556495.1	42258	Eukaryota	Ascomycota	Saccharomycetes	Saccharomycetales	Saccharomycetaceae	Zygosaccharomyces
GCA_019155655.1	324739	Eukaryota	Ascomycota	Saccharomycetes	Saccharomycetales	Pichiaceae	Kregervanrija
GCA_003707885.1	1337058	Eukaryota	Ascomycota	Saccharomycetes	Saccharomycetales	Phaffomycetaceae	Barnettozyma
GCA_001599235.1	374178	Eukaryota	Ascomycota	Saccharomycetes	Saccharomycetales	Debaryomycetaceae	Meyerozyma
GCA_028828415.1	983339	Eukaryota	Ascomycota	Sordariomycetes	Hypocreales	Cordycipitaceae	Cordyceps
GCA_002968875.1	218633	Eukaryota	Ascomycota	Sordariomycetes	Hypocreales	Cordycipitaceae	Cordyceps
GCA_003707945.2	53647	Eukaryota	Ascomycota	Saccharomycetes	Saccharomycetales	Phaffomycetaceae	Wickerhamomyces
GCA_024271885.1	104402	Eukaryota	Ascomycota	Saccharomycetes	Saccharomycetales	Pichiaceae	Ogataea
GCA_023212875.1	169507	Eukaryota	Ascomycota	Saccharomycetes	Saccharomycetales	Phaffomycetaceae	Komagataella
GCA_003708585.1	27299	Eukaryota	Ascomycota	Saccharomycetes	Saccharomycetales	Debaryomycetaceae	Debaryomyces
GCA_012851205.1	35629	Eukaryota	Ascomycota	Saccharomycetes	Saccharomycetales	Saccharomycetaceae	Torulaspora
GCA_018489445.1	45512	Eukaryota	Ascomycota	Saccharomycetes	Saccharomycetales	Debaryomycetaceae	Scheffersomyces
GCF_020509005.1	5499	Eukaryota	Ascomycota	Dothideomycetes	Mycosphaerellales	Mycosphaerellaceae	Fulvia
GCF_019207475.1	870730	Eukaryota	Ascomycota	Saccharomycetes	Saccharomycetales	Pichiaceae	Ogataea
GCA_016906385.1	3111	Eukaryota	Chlorophyta	Trebouxiophyceae	Chlorellales	Chlorellaceae	Prototheca
GCA_003243035.1	1538186	Eukaryota	Ascomycota	Saccharomycetes	Saccharomycetales		Nakazawaea
GCA_003706045.1	1196395	Eukaryota	Ascomycota	Saccharomycetes	Saccharomycetales		Peterozyma
GCA_000985935.1	28573	Eukaryota	Ascomycota	Eurotiomycetes	Eurotiales	Trichocomaceae	Talaromyces
GCA_026119455.1	749633	Eukaryota	Ascomycota	Dothideomycetes	Pleosporales	Didymellaceae	Didymella
GCA_003705375.1	36036	Eukaryota	Ascomycota	Saccharomycetes	Saccharomycetales	Saccharomycopsidaceae	Saccharomycopsis
GCA_020313495.2	51915	Eukaryota	Ascomycota	Saccharomycetes	Saccharomycetales	Saccharomycetaceae	Kazachstania
GCA_001910725.1	2822231	Eukaryota	Basidiomycota	Agaricomycetes	Polyporales	Phanerochaetaceae	Phanerodontia
GCF_004353045.1	1093900	Eukaryota	Ascomycota	Sordariomycetes		Thyridiaceae	Thyridium
GCA_003708315.2	49332	Eukaryota	Ascomycota	Saccharomycetes	Saccharomycetales	Trichomonascaceae	Groenewaldozyma
GCF_020726555.1	749465	Eukaryota	Ascomycota	Dothideomycetes	Pleosporales	Didymellaceae	Boeremia
GCA_003706265.1	36025	Eukaryota	Ascomycota	Saccharomycetes	Saccharomycetales		Nakazawaea
GCA_019096115.1	36015	Eukaryota	Ascomycota	Saccharomycetes	Saccharomycetales	Pichiaceae	Pichia
GCA_001599895.1	45502	Eukaryota	Ascomycota	Saccharomycetes	Saccharomycetales	Debaryomycetaceae	Priceomyces
GCA_005406165.1	121235	Eukaryota	Ascomycota	Saccharomycetes	Saccharomycetales	Pichiaceae	Pichia
GCA_003707925.2	45509	Eukaryota	Ascomycota	Saccharomycetes	Saccharomycetales	Trichomonascaceae	Zygoascus
GCF_000149685.1	36914	Eukaryota	Ascomycota	Saccharomycetes	Saccharomycetales	Debaryomycetaceae	Lodderomyces
GCF_000236905.1	113608	Eukaryota	Ascomycota	Saccharomycetes	Saccharomycetales	Saccharomycetaceae	Tetrapisispora
GCA_001599275.1	45788	Eukaryota	Ascomycota	Saccharomycetes	Saccharomycetales	Trichomonascaceae	Wickerhamiella
GCA_003054985.1	5278	Eukaryota	Basidiomycota	Microbotryomycetes	Leucosporidiales	Leucosporidiaceae	Leucosporidium
GCF_014133895.1	48254	Eukaryota	Ascomycota	Saccharomycetes	Saccharomycetales	Saccharomycetaceae	Torulaspora
GCA_003707305.1	58634	Eukaryota	Ascomycota	Saccharomycetes	Saccharomycetales	Pichiaceae	Saturnispora
GCA_020536225.1	599730	Eukaryota	Ascomycota	Saccharomycetes	Saccharomycetales	Phaffomycetaceae	Wickerhamomyces
GCA_003401635.1	27327	Eukaryota	Ascomycota	Saccharomycetes	Saccharomycetales	Metschnikowiaceae	Metschnikowia
GCA_000149225.2	4934	Eukaryota	Ascomycota	Saccharomycetes	Saccharomycetales	Saccharomycetaceae	Lachancea
GCA_003705175.2	53488	Eukaryota	Ascomycota	Saccharomycetes	Saccharomycetales	Saccharomycetaceae	Torulaspora
GCA_003708525.2	27294	Eukaryota	Ascomycota	Saccharomycetes	Saccharomycetales	Saccharomycetaceae	Kazachstania
GCA_003706235.1	50265	Eukaryota	Ascomycota	Saccharomycetes	Saccharomycetales	Pichiaceae	Ogataea
GCA_003706715.1	45506	Eukaryota	Ascomycota	Saccharomycetes	Saccharomycetales	Debaryomycetaceae	Yamadazyma
GCA_027946455.1	798079	Eukaryota	Ascomycota	Dothideomycetes	Pleosporales	Cucurbitariaceae	Neocucurbitaria
GCA_000143045.1	2052682	Eukaryota	Oomycota		Pythiales	Pythiaceae	Globisporangium
GCF_000576695.1	317047	Eukaryota	Ascomycota	Saccharomycetes	Saccharomycetales		Kuraishia
GCA_003706445.2	1004253	Eukaryota	Ascomycota	Saccharomycetes	Saccharomycetales	Phaffomycetaceae	Cyberlindnera
GCA_004919775.1	56406	Eukaryota	Ascomycota	Saccharomycetes	Saccharomycetales	Saccharomycodaceae	Hanseniaspora
GCA_000586595.1	1073566	Eukaryota	Ascomycota	Saccharomycetes	Saccharomycetales	Saccharomycetaceae	Saccharomyces
GCA_001515445.2	1073566	Eukaryota	Ascomycota	Saccharomycetes	Saccharomycetales	Saccharomycetaceae	Saccharomyces
GCA_013180795.1	1073566	Eukaryota	Ascomycota	Saccharomycetes	Saccharomycetales	Saccharomycetaceae	Saccharomyces
GCA_920104245.1	86837	Eukaryota	Basidiomycota	Microbotryomycetes	Sporidiobolales	Sporidiobolaceae	Rhodotorula
GCA_002270425.1	1247836	Eukaryota	Ascomycota	Saccharomycetes	Saccharomycetales		Starmerella
GCA_028828615.1	86838	Eukaryota	Basidiomycota	Microbotryomycetes	Sporidiobolales	Sporidiobolaceae	Rhodotorula
GCA_003707595.1	4957	Eukaryota	Ascomycota	Saccharomycetes	Saccharomycetales	Saccharomycetaceae	Zygosaccharomyces
GCF_001664045.1	460523	Eukaryota	Ascomycota	Saccharomycetes	Saccharomycetales	Pichiaceae	Ogataea
GCA_001661475.1	51930	Eukaryota	Ascomycota	Saccharomycetes	Saccharomycetales	Trigonopsidaceae	Tortispora
GCA_939531405.1	27328	Eukaryota	Ascomycota	Saccharomycetes	Saccharomycetales	Metschnikowiaceae	Metschnikowia
GCA_008065255.1	56417	Eukaryota	Ascomycota	Saccharomycetes	Saccharomycetales	Metschnikowiaceae	Metschnikowia
GCA_002370325.1	27323	Eukaryota	Ascomycota	Saccharomycetes	Saccharomycetales	Metschnikowiaceae	Metschnikowia
GCA_017654735.1	1895944	Eukaryota	Basidiomycota	Tremellomycetes	Tremellales	Bulleribasidiaceae	Vishniacozyma
GCA_025758675.1	89916	Eukaryota	Basidiomycota	Tremellomycetes	Filobasidiales	Filobasidiaceae	Naganishia
GCF_000003835.1	36911	Eukaryota	Ascomycota	Saccharomycetes	Saccharomycetales	Metschnikowiaceae	Clavispora
GCA_003707935.2	374461	Eukaryota	Ascomycota	Saccharomycetes	Saccharomycetales	Trichomonascaceae	Zygoascus
GCA_022577775.1	49336	Eukaryota	Ascomycota	Saccharomycetes	Saccharomycetales	Trichomonascaceae	Wickerhamiella
GCA_003706805.2	45603	Eukaryota	Ascomycota	Saccharomycetes	Saccharomycetales	Trigonopsidaceae	Trigonopsis
GCF_000149845.2	4897	Eukaryota	Ascomycota	Schizosaccharomycetes	Schizosaccharomycetales	Schizosaccharomycetaceae	Schizosaccharomyces
GCA_003671575.2	48255	Eukaryota	Ascomycota	Saccharomycetes	Saccharomycetales	Saccharomycetaceae	Zygotorulaspora
GCA_003705455.2	54552	Eukaryota	Ascomycota	Saccharomycetes	Saccharomycetales	Pichiaceae	Pichia
GCA_001747045.1	56408	Eukaryota	Ascomycota	Saccharomycetes	Saccharomycetales	Saccharomycodaceae	Hanseniaspora
GCA_004919885.1	56407	Eukaryota	Ascomycota	Saccharomycetes	Saccharomycetales	Saccharomycodaceae	Hanseniaspora
GCA_028408395.1	27293	Eukaryota	Ascomycota	Saccharomycetes	Saccharomycetales	Saccharomycetaceae	Kazachstania
GCA_003708425.2	56413	Eukaryota	Ascomycota	Saccharomycetes	Saccharomycetales	Saccharomycetaceae	Kazachstania
GCA_003705465.1	4921	Eukaryota	Ascomycota	Saccharomycetes	Saccharomycetales	Pichiaceae	Pichia
GCA_001600375.1	27304	Eukaryota	Ascomycota	Saccharomycetes	Saccharomycetales	Trichomonascaceae	Wickerhamiella
GCF_001661395.1	717740	Eukaryota	Ascomycota	Saccharomycetes	Saccharomycetales	Debaryomycetaceae	Hyphopichia
GCA_003707985.2	1337057	Eukaryota	Ascomycota	Saccharomycetes	Saccharomycetales	Phaffomycetaceae	Wickerhamomyces
GCA_024271855.1	36018	Eukaryota	Ascomycota	Saccharomycetes	Saccharomycetales	Phaffomycetaceae	Wickerhamomyces
GCA_001600675.1	28986	Eukaryota	Ascomycota	Saccharomycetes	Saccharomycetales	Debaryomycetaceae	Millerozyma
GCA_003708795.2	36016	Eukaryota	Ascomycota	Saccharomycetes	Saccharomycetales	Phaffomycetaceae	Cyberlindnera
GCA_003707195.1	54045	Eukaryota	Ascomycota	Saccharomycetes	Saccharomycetales	Phaffomycetaceae	Phaffomyces
GCF_000313485.1	1041607	Eukaryota	Ascomycota	Saccharomycetes	Saccharomycetales	Phaffomycetaceae	Wickerhamomyces
GCA_003706155.1	36023	Eukaryota	Ascomycota	Saccharomycetes	Saccharomycetales	Pichiaceae	Ogataea
GCA_003706765.2	1041608	Eukaryota	Ascomycota	Saccharomycetes	Saccharomycetales	Phaffomycetaceae	Wickerhamomyces
GCA_003705115.1	36024	Eukaryota	Ascomycota	Saccharomycetes	Saccharomycetales	Pichiaceae	Ogataea
GCA_003705525.2	53659	Eukaryota	Ascomycota	Saccharomycetes	Saccharomycetales	Pichiaceae	Pichia
GCF_000026945.1	42374	Eukaryota	Ascomycota	Saccharomycetes	Saccharomycetales	Debaryomycetaceae	Candida
GCA_003706165.2	50263	Eukaryota	Ascomycota	Saccharomycetes	Saccharomycetales	Pichiaceae	Ogataea
GCA_003705335.1	45504	Eukaryota	Ascomycota	Saccharomycetes	Saccharomycetales	Debaryomycetaceae	Priceomyces
GCA_001600755.1	1156966	Eukaryota	Ascomycota	Saccharomycetes	Saccharomycetales	Pichiaceae	Ogataea
GCF_001661335.1	984486	Eukaryota	Ascomycota	Saccharomycetes	Saccharomycetales		Babjeviella
GCA_003707745.1	131113	Eukaryota	Ascomycota	Saccharomycetes	Saccharomycetales	Phaffomycetaceae	Cyberlindnera
GCA_003705275.1	53646	Eukaryota	Ascomycota	Saccharomycetes	Saccharomycetales	Phaffomycetaceae	Starmera
GCA_003706255.1	53937	Eukaryota	Ascomycota	Saccharomycetes	Saccharomycetales	Pichiaceae	Ogataea
GCA_003706995.2	45510	Eukaryota	Ascomycota	Saccharomycetes	Saccharomycetales	Debaryomycetaceae	Yamadazyma
GCA_003706035.1	1337056	Eukaryota	Ascomycota	Saccharomycetes	Saccharomycetales		Peterozyma
GCA_003706195.1	36026	Eukaryota	Ascomycota	Saccharomycetes	Saccharomycetales	Pichiaceae	Ogataea
GCA_003705495.1	53656	Eukaryota	Ascomycota	Saccharomycetes	Saccharomycetales	Pichiaceae	Pichia
GCA_003706925.2	507511	Eukaryota	Ascomycota	Saccharomycetes	Saccharomycetales	Debaryomycetaceae	Hyphopichia
GCA_003706915.2	36028	Eukaryota	Ascomycota	Saccharomycetes	Saccharomycetales	Phaffomycetaceae	Cyberlindnera
GCF_020536065.1	1378263	Eukaryota	Ascomycota	Saccharomycetes	Saccharomycetales	Pichiaceae	Ogataea
GCF_019049425.1	45513	Eukaryota	Ascomycota	Saccharomycetes	Saccharomycetales	Debaryomycetaceae	Scheffersomyces
GCA_012922715.1	92952	Eukaryota	Basidiomycota	Tremellomycetes	Filobasidiales	Filobasidiaceae	Naganishia
GCA_003708355.2	65811	Eukaryota	Ascomycota	Saccharomycetes	Saccharomycetales	Phaffomycetaceae	Cyberlindnera
GCA_003706705.2	53645	Eukaryota	Ascomycota	Saccharomycetes	Saccharomycetales	Phaffomycetaceae	Barnettozyma
GCA_003707645.1	50267	Eukaryota	Ascomycota	Saccharomycetes	Saccharomycetales	Pichiaceae	Ogataea
GCA_003327735.1	5486	Eukaryota	Ascomycota	Saccharomycetes	Saccharomycetales	Debaryomycetaceae	Candida
GCA_947241705.1	114525	Eukaryota	Ascomycota	Saccharomycetes	Saccharomycetales	Saccharomycetaceae	Saccharomyces
GCA_003708085.1	53643	Eukaryota	Ascomycota	Saccharomycetes	Saccharomycetales	Phaffomycetaceae	Starmera
GCF_000293215.1	82508	Eukaryota	Basidiomycota	Tremellomycetes	Trichosporonales	Trichosporonaceae	Trichosporon
GCA_001599315.1	75736	Eukaryota	Ascomycota	Saccharomycetes	Saccharomycetales		Starmerella
GCA_001600175.1	114840	Eukaryota	Basidiomycota	Cystobasidiomycetes	Erythrobasidiales	Erythrobasidiaceae	Erythrobasidium
GCA_022817945.1	1538179	Eukaryota	Ascomycota	Saccharomycetes	Saccharomycetales		Nakazawaea
GCA_003707795.1	46582	Eukaryota	Ascomycota	Saccharomycetes	Saccharomycetales	Metschnikowiaceae	Clavispora
GCF_002117355.1	104341	Eukaryota	Basidiomycota	Agaricomycetes	Polyporales	Postiaceae	Postia
GCA_023628975.1	49331	Eukaryota	Ascomycota	Saccharomycetes	Saccharomycetales	Trichomonascaceae	Wickerhamiella
GCA_001599355.1	1538182	Eukaryota	Ascomycota	Saccharomycetes	Saccharomycetales		Nakazawaea
GCA_003707315.2	52249	Eukaryota	Ascomycota	Saccharomycetes	Saccharomycetales	Pichiaceae	Saturnispora
GCA_003707165.1	54194	Eukaryota	Ascomycota	Saccharomycetes	Saccharomycetales	Phaffomycetaceae	Phaffomyces
GCA_003707215.1	54046	Eukaryota	Ascomycota	Saccharomycetes	Saccharomycetales	Phaffomycetaceae	Phaffomyces
GCA_022577695.1	49335	Eukaryota	Ascomycota	Saccharomycetes	Saccharomycetales	Trichomonascaceae	Wickerhamiella
GCA_019926025.1	86836	Eukaryota	Basidiomycota	Microbotryomycetes	Sporidiobolales	Sporidiobolaceae	Rhodotorula
GCA_019775285.1	106018	Eukaryota	Basidiomycota	Cystobasidiomycetes	Cystobasidiales	Cystobasidiaceae	Cystobasidium
GCA_003708465.1	488016	Eukaryota	Ascomycota	Saccharomycetes	Saccharomycetales	Saccharomycetaceae	Kazachstania
GCA_003708925.2	74404	Eukaryota	Ascomycota	Saccharomycetes	Saccharomycetales	Saccharomycetaceae	Kazachstania
GCA_003116955.1	82522	Eukaryota	Basidiomycota	Tremellomycetes	Trichosporonales	Trichosporonaceae	Cutaneotrichosporon
GCA_001984395.2	1365886	Eukaryota	Ascomycota	Saccharomycetes	Saccharomycetales	Saccharomycetaceae	Zygosaccharomyces
GCF_000315875.1	273371	Eukaryota	Ascomycota	Saccharomycetes	Saccharomycetales	Debaryomycetaceae	Candida
GCA_016617785.1	40563	Eukaryota	Basidiomycota	Microbotryomycetes	Sporidiobolales	Sporidiobolaceae	Sporobolomyces
GCA_001264635.1	948313	Eukaryota	Basidiomycota	Malasseziomycetes	Malasseziales	Malasseziaceae	Malassezia
GCF_000747765.1	84753	Eukaryota	Basidiomycota	Ustilaginomycetes	Ustilaginales	Ustilaginaceae	Moesziomyces
GCF_000938715.1	1245769	Eukaryota	Ascomycota	Saccharomycetes	Saccharomycetales	Saccharomycetaceae	Lachancea
GCA_920103745.2	5535	Eukaryota	Basidiomycota	Microbotryomycetes	Sporidiobolales	Sporidiobolaceae	Rhodotorula
GCA_020272525.1	749593	Eukaryota	Ascomycota	Dothideomycetes	Pleosporales	Didymellaceae	Epicoccum
GCA_001599375.1	73001	Eukaryota	Ascomycota	Dothideomycetes	Pleosporales	Didymellaceae	Phoma
GCA_022560035.1	749552	Eukaryota	Ascomycota	Dothideomycetes	Pleosporales	Didymellaceae	Boeremia
GCA_003439915.1	1491457	Eukaryota	Ascomycota	Sordariomycetes	Hypocreales	Hypocreaceae	Trichoderma
GCA_000331835.2	49224	Eukaryota	Ascomycota	Sordariomycetes	Hypocreales	Hypocreaceae	Trichoderma
GCA_002022785.1	1491466	Eukaryota	Ascomycota	Sordariomycetes	Hypocreales	Hypocreaceae	Trichoderma
GCA_001050175.1	858221	Eukaryota	Ascomycota	Sordariomycetes	Hypocreales	Hypocreaceae	Trichoderma
GCF_003025115.1	58853	Eukaryota	Ascomycota	Sordariomycetes	Hypocreales	Hypocreaceae	Trichoderma
GCA_018343915.1	39291	Eukaryota	Basidiomycota	Agaricomycetes	Atheliales	Atheliaceae	Athelia
GCA_003260565.1	38457	Eukaryota	Ascomycota	Leotiomycetes	Helotiales	Sclerotiniaceae	Monilinia
GCA_022661535.1	97096	Eukaryota	Ascomycota	Sordariomycetes	Xylariales	Diatrypaceae	Eutypa
GCA_005959805.1	302913	Eukaryota	Ascomycota	Dothideomycetes	Myriangiales	Elsinoaceae	Elsinoe
GCA_014705085.1	306554	Eukaryota	Ascomycota	Sordariomycetes	Glomerellales	Glomerellaceae	Colletotrichum
GCF_013390195.1	690259	Eukaryota	Ascomycota	Sordariomycetes	Glomerellales	Glomerellaceae	Colletotrichum
GCF_000344685.1	104355	Eukaryota	Basidiomycota	Agaricomycetes	Gloeophyllales	Gloeophyllaceae	Gloeophyllum
GCA_003708825.2	1089533	Eukaryota	Ascomycota	Saccharomycetes	Saccharomycetales	Saccharomycetaceae	Kazachstania
GCF_000271585.1	5325	Eukaryota	Basidiomycota	Agaricomycetes	Polyporales	Polyporaceae	Trametes
GCA_019054645.1	5514	Eukaryota	Ascomycota	Sordariomycetes	Hypocreales	Nectriaceae	Fusarium
GCA_000827475.1	71150	Eukaryota	Basidiomycota	Agaricomycetes	Boletales	Paxillaceae	Paxillus
GCA_930272055.1	90004	Eukaryota	Basidiomycota	Agaricomycetes	Boletales	Rhizopogonaceae	Rhizopogon
GCA_003708445.2	36916	Eukaryota	Ascomycota	Saccharomycetes	Saccharomycetales	Saccharomycetaceae	Grigorovia
GCA_000697475.1	42458	Eukaryota	Mucoromycota	Mucoromycetes	Mucorales	Lichtheimiaceae	Lichtheimia
GCA_019426095.1	5315	Eukaryota	Basidiomycota	Agaricomycetes	Polyporales	Polyporaceae	Ganoderma
GCF_020744495.1	169388	Eukaryota	Ascomycota	Sordariomycetes	Hypocreales	Nectriaceae	Fusarium
GCA_000827255.1	5384	Eukaryota	Basidiomycota	Agaricomycetes	Boletales	Suillaceae	Suillus
GCA_002276285.1	41688	Eukaryota	Ascomycota	Sordariomycetes	Microascales	Microascaceae	Lomentospora
GCA_022559905.1	749621	Eukaryota	Ascomycota	Dothideomycetes	Pleosporales	Didymellaceae	Didymella
GCA_023087545.1	466954	Eukaryota	Ascomycota	Dothideomycetes	Botryosphaeriales	Botryosphaeriaceae	Lasiodiplodia
GCA_016864655.1	29920	Eukaryota	Oomycota		Peronosporales	Peronosporaceae	Phytophthora
GCA_028827385.1	48697	Eukaryota	Ascomycota	Eurotiomycetes	Eurotiales	Aspergillaceae	Penicillium
GCA_000697685.1	1137138	Eukaryota	Basidiomycota	Agaricomycetes	Agaricales	Pleurotaceae	Pleurotus
GCA_002116305.1	40296	Eukaryota	Ascomycota	Eurotiomycetes	Eurotiales	Aspergillaceae	Penicillium
GCA_016808195.1	252740	Eukaryota	Ascomycota	Sordariomycetes	Diaporthales	Valsaceae	Valsa
GCA_003184705.1	657443	Eukaryota	Ascomycota	Eurotiomycetes	Eurotiales	Aspergillaceae	Aspergillus
GCF_003184695.1	1191711	Eukaryota	Ascomycota	Eurotiomycetes	Eurotiales	Aspergillaceae	Aspergillus
GCF_003184545.1	1448321	Eukaryota	Ascomycota	Eurotiomycetes	Eurotiales	Aspergillaceae	Aspergillus
GCA_001890745.1	767770	Eukaryota	Ascomycota	Eurotiomycetes	Eurotiales	Aspergillaceae	Aspergillus
GCA_003184645.1	41066	Eukaryota	Ascomycota	Eurotiomycetes	Eurotiales	Aspergillaceae	Aspergillus
GCF_016861625.1	1069201	Eukaryota	Ascomycota	Eurotiomycetes	Eurotiales	Aspergillaceae	Aspergillus
GCF_001653265.1	33203	Eukaryota	Ascomycota	Sordariomycetes	Hypocreales	Ophiocordycipitaceae	Purpureocillium
GCA_023619995.1	41984	Eukaryota	Ascomycota	Eurotiomycetes	Eurotiales	Aspergillaceae	Aspergillus
GCA_900169235.1	93591	Eukaryota	Ascomycota	Sordariomycetes	Hypocreales	Cordycipitaceae	Lecanicillium
GCA_001636795.1	2714763	Eukaryota	Ascomycota	Sordariomycetes	Hypocreales	Cordycipitaceae	Akanthomyces
GCA_024340765.1	38005	Eukaryota	Ascomycota	Sordariomycetes	Hypocreales	Ophiocordycipitaceae	Tolypocladium
GCA_028828275.1	69773	Eukaryota	Ascomycota	Eurotiomycetes	Eurotiales	Aspergillaceae	Penicillium
GCA_028455935.1	935214	Eukaryota	Ascomycota	Sordariomycetes	Hypocreales	Cordycipitaceae	Simplicillium
GCA_016758945.1	97098	Eukaryota	Mucoromycota	Mucoromycetes	Mucorales	Mucoraceae	Mucor
GCA_002796755.1	73499	Eukaryota	Ascomycota	Sordariomycetes	Hypocreales	Cordycipitaceae	Lecanicillium
GCA_016758905.1	91625	Eukaryota	Mucoromycota	Umbelopsidomycetes	Umbelopsidales	Umbelopsidaceae	Umbelopsis
GCA_018292885.1	4784	Eukaryota	Oomycota		Peronosporales	Peronosporaceae	Phytophthora
GCF_001907595.1	1441469	Eukaryota	Ascomycota	Eurotiomycetes	Eurotiales	Trichocomaceae	Talaromyces
GCA_027569385.1	69771	Eukaryota	Ascomycota	Eurotiomycetes	Eurotiales	Aspergillaceae	Penicillium
GCA_019022425.1	1266744	Eukaryota	Ascomycota	Eurotiomycetes	Eurotiales	Trichocomaceae	Talaromyces
GCA_019055205.1	56641	Eukaryota	Ascomycota	Sordariomycetes	Hypocreales	Nectriaceae	Fusarium
GCA_017656745.1	282270	Eukaryota	Ascomycota	Sordariomycetes	Hypocreales	Nectriaceae	Fusarium
GCF_002849105.1	306088	Eukaryota	Ascomycota	Eurotiomycetes	Eurotiales	Aspergillaceae	Aspergillus
GCF_001481775.2	398673	Eukaryota	Ascomycota	Sordariomycetes	Hypocreales	Hypocreaceae	Trichoderma
GCF_000171015.1	63577	Eukaryota	Ascomycota	Sordariomycetes	Hypocreales	Hypocreaceae	Trichoderma
GCA_020800215.1	164328	Eukaryota	Oomycota		Peronosporales	Peronosporaceae	Phytophthora
GCF_900067095.1	948311	Eukaryota	Ascomycota	Sordariomycetes	Hypocreales	Nectriaceae	Fusarium
GCA_028827645.1	911720	Eukaryota	Ascomycota	Eurotiomycetes	Eurotiales	Aspergillaceae	Penicillium
GCA_007655245.1	53984	Eukaryota	Oomycota		Peronosporales	Peronosporaceae	Phytophthora
GCA_024047395.1	48490	Eukaryota	Ascomycota	Sordariomycetes	Hypocreales	Nectriaceae	Fusarium
GCF_001638985.1	4837	Eukaryota	Mucoromycota	Mucoromycetes	Mucorales	Phycomycetaceae	Phycomyces
GCF_003184835.1	1448317	Eukaryota	Ascomycota	Eurotiomycetes	Eurotiales	Aspergillaceae	Aspergillus
GCF_003184865.1	1450537	Eukaryota	Ascomycota	Eurotiomycetes	Eurotiales	Aspergillaceae	Aspergillus
GCF_003184755.1	1448313	Eukaryota	Ascomycota	Eurotiomycetes	Eurotiales	Aspergillaceae	Aspergillus
GCF_003184525.1	1450535	Eukaryota	Ascomycota	Eurotiomycetes	Eurotiales	Aspergillaceae	Aspergillus
GCF_003184925.1	1448311	Eukaryota	Ascomycota	Eurotiomycetes	Eurotiales	Aspergillaceae	Aspergillus
GCF_014466165.1	5322	Eukaryota	Basidiomycota	Agaricomycetes	Agaricales	Pleurotaceae	Pleurotus
GCA_003243765.1	5323	Eukaryota	Basidiomycota	Agaricomycetes	Agaricales	Pleurotaceae	Pleurotus
GCA_000787455.1	196907	Eukaryota	Ascomycota	Eurotiomycetes	Eurotiales	Aspergillaceae	Evansstolkia
GCA_019925475.1	5163	Eukaryota	Ascomycota	Sordariomycetes	Ophiostomatales	Ophiostomataceae	Ophiostoma
GCA_000410735.1	61273	Eukaryota	Ascomycota	Sordariomycetes	Ophiostomatales	Ophiostomataceae	Ophiostoma
GCA_020912385.1	310453	Eukaryota	Ascomycota	Dothideomycetes	Botryosphaeriales	Botryosphaeriaceae	Neofusicoccum
GCA_011066345.1	1567552	Eukaryota	Ascomycota	Sordariomycetes	Hypocreales	Hypocreaceae	Trichoderma
GCA_019155715.1	221518	Eukaryota	Oomycota		Peronosporales	Peronosporaceae	Phytophthora
GCF_000328475.2	5270	Eukaryota	Basidiomycota	Ustilaginomycetes	Ustilaginales	Ustilaginaceae	Ustilago
GCA_004334575.1	13290	Eukaryota	Basidiomycota	Exobasidiomycetes	Tilletiales	Tilletiaceae	Tilletia
GCA_008728235.1	688394	Eukaryota	Mucoromycota	Mucoromycetes	Mucorales	Lichtheimiaceae	Lichtheimia
GCA_028828655.1	60171	Eukaryota	Ascomycota	Eurotiomycetes	Eurotiales	Aspergillaceae	Penicillium
GCF_001883845.1	236234	Eukaryota	Ascomycota	Dothideomycetes	Botryosphaeriales	Botryosphaeriaceae	Diplodia
GCF_000271625.1	80637	Eukaryota	Basidiomycota	Agaricomycetes	Boletales	Coniophoraceae	Coniophora
GCA_001632425.1	38799	Eukaryota	Basidiomycota	Agaricomycetes	Gloeophyllales	Gloeophyllaceae	Neolentinus
GCF_000218685.1	85982	Eukaryota	Basidiomycota	Agaricomycetes	Boletales	Serpulaceae	Serpula
GCF_002072235.1	60172	Eukaryota	Ascomycota	Eurotiomycetes	Eurotiales	Aspergillaceae	Penicillium
GCF_000263375.1	1708541	Eukaryota	Basidiomycota	Wallemiomycetes	Wallemiales	Wallemiaceae	Wallemia
GCA_016413765.1	1287682	Eukaryota	Ascomycota	Eurotiomycetes	Eurotiales	Aspergillaceae	Aspergillus
GCA_002319055.1	206542	Eukaryota	Ascomycota	Eurotiomycetes	Chaetothyriales	Trichomeriaceae	Knufia
GCA_028476805.1	1589764	Eukaryota	Ascomycota	Dothideomycetes	Pleosporales	Morosphaeriaceae	Acrocalymma
GCA_022702545.1	269771	Eukaryota	Mucoromycota	Mucoromycetes	Mucorales	Phycomycetaceae	Phycomyces
GCF_000836275.1	212818	Eukaryota	Ascomycota	Eurotiomycetes	Chaetothyriales	Herpotrichiellaceae	Exophiala
GCF_000149555.1	117187	Eukaryota	Ascomycota	Sordariomycetes	Hypocreales	Nectriaceae	Fusarium
GCA_026262405.1	1230527	Eukaryota	Ascomycota	Dothideomycetes	Pleosporales	Pleosporaceae	Curvularia
GCF_900079805.1	5127	Eukaryota	Ascomycota	Sordariomycetes	Hypocreales	Nectriaceae	Fusarium
GCA_001455585.1	280322	Eukaryota	Ascomycota	Dothideomycetes	Botryosphaeriales	Botryosphaeriaceae	Diplodia
GCA_022225955.2	83184	Eukaryota	Ascomycota	Sordariomycetes	Diaporthales	Diaporthaceae	Diaporthe
GCA_001663355.1	1209918	Eukaryota	Ascomycota	Sordariomycetes	Glomerellales	Glomerellaceae	Colletotrichum
GCA_001593745.1	27357	Eukaryota	Ascomycota	Sordariomycetes	Glomerellales	Glomerellaceae	Colletotrichum
GCA_001563135.1	703756	Eukaryota	Ascomycota	Sordariomycetes	Glomerellales	Glomerellaceae	Colletotrichum
GCF_009771025.1	690256	Eukaryota	Ascomycota	Sordariomycetes	Glomerellales	Glomerellaceae	Colletotrichum
GCF_026319165.1	710243	Eukaryota	Ascomycota	Sordariomycetes	Glomerellales	Glomerellaceae	Colletotrichum
GCA_009299455.1	61186	Eukaryota	Ascomycota	Leotiomycetes	Helotiales	Sclerotiniaceae	Monilinia
GCA_002964805.2	47662	Eukaryota	Basidiomycota	Agaricomycetes	Polyporales	Polyporaceae	Trametes
GCA_008692225.1	38448	Eukaryota	Ascomycota	Leotiomycetes	Helotiales	Sclerotiniaceae	Monilinia
GCA_022985055.1	931006	Eukaryota	Ascomycota	Sordariomycetes	Hypocreales	Cordycipitaceae	Beauveria
GCF_000187425.2	568076	Eukaryota	Ascomycota	Sordariomycetes	Hypocreales	Clavicipitaceae	Metarhizium
GCA_021066465.1	702382	Eukaryota	Ascomycota	Sordariomycetes	Hypocreales	Hypocreaceae	Trichoderma
GCA_002221725.1	5597	Eukaryota	Ascomycota	Sordariomycetes	Microascales	Microascaceae	Scedosporium
GCF_001653235.2	280754	Eukaryota	Ascomycota	Sordariomycetes	Hypocreales	Clavicipitaceae	Pochonia
GCA_027946515.1	1191159	Eukaryota	Ascomycota	Sordariomycetes	Diaporthales	Gnomoniaceae	Gnomoniopsis
GCA_012295475.1	78237	Eukaryota	Oomycota		Peronosporales	Peronosporaceae	Phytophthora
GCA_023627795.1	36038	Eukaryota	Ascomycota	Saccharomycetes	Saccharomycetales	Phaffomycetaceae	Barnettozyma
GCA_003709245.2	907340	Eukaryota	Ascomycota	Saccharomycetes	Saccharomycetales	Phaffomycetaceae	Cyberlindnera
GCA_014706385.1	264483	Eukaryota	Basidiomycota	Tremellomycetes	Cystofilobasidiales	Mrakiaceae	Phaffia
GCA_947297695.1	29831	Eukaryota	Ascomycota	Saccharomycetes	Saccharomycetales	Saccharomycetaceae	Lachancea
GCA_900186055.1	1136883	Eukaryota	Ascomycota	Saccharomycetes	Saccharomycetales	Saccharomycetaceae	Torulaspora
GCF_013402915.1	42260	Eukaryota	Ascomycota	Saccharomycetes	Saccharomycetales	Saccharomycetaceae	Zygotorulaspora
GCF_000194455.1	2898	Eukaryota	Cryptophyceae	Cryptomonadales	Cryptomonadaceae	Cryptomonas	
GCF_003327735.1	5486	Eukaryota	Saccharomycetes	Saccharomycetales	Debaryomycetaceae	Candida	
GCF_000018645.1	464988	Eukaryota	Cryptophyceae	Cryptomonadales	Hemiselmidaceae	Hemiselmis	
GCF_003184595.1	1450533	Eukaryota	Eurotiomycetes	Eurotiales	Aspergillaceae	Aspergillus	
GCA_026636295.1	2885156	Eukaryota	Trebouxiophyceae				
