"name"	"strains"	"temp_associated"	"access_id"	"state"	"ftp_url"
"Acetobacter nitrogenifigens"	"LMG 23498 = DSM 23921"	"30"	"GCA_000429165.1"	"draft"	"ftp://ftp.ncbi.nlm.nih.gov/genomes/all/GCA/000/429/165/GCA_000429165.1_ASM42916v1"
"Acidianus brierleyi"	"DSM 1651"	"70"	"GCA_003201835.1"	"complete"	"ftp://ftp.ncbi.nlm.nih.gov/genomes/all/GCA/003/201/835/GCA_003201835.1_ASM320183v1"
"Acidianus copahuensis (Candidatus)"	"ALE1"	"75"	"GCA_000632495.1"	"draft"	"ftp://ftp.ncbi.nlm.nih.gov/genomes/all/GCA/000/632/495/GCA_000632495.1_AciCop1.0"
"Acidianus hospitalis"	"SCGC AC-742_N10"	""	"GCA_003086435.1"	"draft"	"ftp://ftp.ncbi.nlm.nih.gov/genomes/all/GCA/003/086/435/GCA_003086435.1_ASM308643v1"
"Acidianus hospitalis"	"W1"	""	"GCA_000213215.1"	"complete"	"ftp://ftp.ncbi.nlm.nih.gov/genomes/all/GCA/000/213/215/GCA_000213215.1_ASM21321v1"
"Acidianus manzaensis"	"YN-25"	"65"	"2740892001"	"draft"	""
"Acidianus sp."	"DS-80"	""	"2690315630"	"draft"	""
"Acidianus sulfidivorans"	"JP7"	"74"	"GCA_003201765.1"	"complete"	"ftp://ftp.ncbi.nlm.nih.gov/genomes/all/GCA/003/201/765/GCA_003201765.1_ASM320176v1"
"Acidibacillus ferrooxidans"	"ITV01"	"30"	"GCA_001516615.1"	"draft"	"ftp://ftp.ncbi.nlm.nih.gov/genomes/all/GCA/001/516/615/GCA_001516615.1_ASM151661v1"
"Acidibacillus ferrooxidans"	"Huett2"	""	"GCA_002027205.1"	"draft"	"ftp://ftp.ncbi.nlm.nih.gov/genomes/all/GCA/002/027/205/GCA_002027205.1_ASM202720v1"
"Acidibacillus ferrooxidans"	"SLC66"	"30"	"GCA_001642725.1"	"draft"	"ftp://ftp.ncbi.nlm.nih.gov/genomes/all/GCA/001/642/725/GCA_001642725.1_ASM164272v1"
"Acidibacillus sulfuroxidans"	"Y002"	"43"	"GCA_003144315.1"	"draft"	"ftp://ftp.ncbi.nlm.nih.gov/genomes/all/GCA/003/144/315/GCA_003144315.1_ASM314431v1"
"Acidicaldus organivorans"	"DX-1"	"52.5"	"GCA_000759655.1"	"draft"	"ftp://ftp.ncbi.nlm.nih.gov/genomes/all/GCA/000/759/655/GCA_000759655.1_ASM75965v1"
"Acidiferrobacter sp."	"SPIII_3"	"22.5"	"GCA_003184265.1"	"complete"	"ftp://ftp.ncbi.nlm.nih.gov/genomes/all/GCA/003/184/265/GCA_003184265.1_ASM318426v1"
"Acidiferrobacter sp."	"RS466"	""	"GCA_002727995.1"	"draft"	"ftp://ftp.ncbi.nlm.nih.gov/genomes/all/GCA/002/727/995/GCA_002727995.1_ASM272799v1"
"Acidiferrobacter sp."	"IN47"	""	"GCA_002694065.1"	"draft"	"ftp://ftp.ncbi.nlm.nih.gov/genomes/all/GCA/002/694/065/GCA_002694065.1_ASM269406v1"
"Acidiferrobacter thiooxydans"	"ZJ"	""	"GCA_001705075.1"	"draft"	"ftp://ftp.ncbi.nlm.nih.gov/genomes/all/GCA/001/705/075/GCA_001705075.1_ASM170507v1"
"Acidiferrobacter thiooxydans"	"m-1"	"33.5"	"GCA_003333315.1"	"draft"	"ftp://ftp.ncbi.nlm.nih.gov/genomes/all/GCA/003/333/315/GCA_003333315.1_ASM333331v1"
"Acidihalobacter ferrooxidans"	"V8"	"30"	"GCA_001975725.1"	"draft"	"ftp://ftp.ncbi.nlm.nih.gov/genomes/all/GCA/001/975/725/GCA_001975725.1_ASM197572v1"
"Acidihalobacter prosperus"	"F5"	"30"	"GCA_001753245.1"	"complete"	"ftp://ftp.ncbi.nlm.nih.gov/genomes/all/GCA/001/753/245/GCA_001753245.1_ASM175324v1"
"Acidihalobacter prosperus"	"DSM 5130"	"37"	"GCA_000754095.2"	"draft"	"ftp://ftp.ncbi.nlm.nih.gov/genomes/all/GCA/000/754/095/GCA_000754095.2_ASM75409v2"
"Acidihalobacter prosperus"	"V6"	"30"	"GCA_001753165.1"	"draft"	"ftp://ftp.ncbi.nlm.nih.gov/genomes/all/GCA/001/753/165/GCA_001753165.1_ASM175316v1"
"Acidilobus saccharovorans"	"345- 15"	"82.5"	"GCA_000144915.1"	"complete"	"ftp://ftp.ncbi.nlm.nih.gov/genomes/all/GCA/000/144/915/GCA_000144915.1_ASM14491v1"
"Acidilobus sp."	"MG"	"80"	"GCA_000495675.1"	"draft"	"ftp://ftp.ncbi.nlm.nih.gov/genomes/all/GCA/000/495/675/GCA_000495675.1_Acidilobus_sp._MG"
"Acidilobus sp."	"CIS"	"80"	"GCA_000495695.1"	"draft"	"ftp://ftp.ncbi.nlm.nih.gov/genomes/all/GCA/000/495/695/GCA_000495695.1_Acidilobus_sp._CIS"
"Acidilobus sp."	"SCGC AC-742_M05"	"85"	"GCA_003086315.1"	"draft"	"ftp://ftp.ncbi.nlm.nih.gov/genomes/all/GCA/003/086/315/GCA_003086315.1_ASM308631v1"
"Acidilobus sp."	"7A"	"82.5"	"GCA_003431325.1"	"complete"	"ftp://ftp.ncbi.nlm.nih.gov/genomes/all/GCA/003/431/325/GCA_003431325.1_ASM343132v1"
"Acidilobus sp."	"OSP8"	"73.5"	"GCA_000495715.1"	"draft"	"ftp://ftp.ncbi.nlm.nih.gov/genomes/all/GCA/000/495/715/GCA_000495715.1_Acidilobus_sp._CIS"
"Acidilobus sp."	"SCGC AC-742_M05"	"85"	"GCA_003086325.1"	"draft"	"ftp://ftp.ncbi.nlm.nih.gov/genomes/all/GCA/003/086/325/GCA_003086325.1_ASM308632v1"
"Acidimicrobium ferrooxidans"	"DSM 10331"	"47.5"	"GCA_000023265.1"	"complete"	"ftp://ftp.ncbi.nlm.nih.gov/genomes/all/GCA/000/023/265/GCA_000023265.1_ASM2326v1"
"Acidimicrobium sp."	"UBA4028"	""	"GCA_002382415.1"	"draft"	"ftp://ftp.ncbi.nlm.nih.gov/genomes/all/GCA/002/382/415/GCA_002382415.1_ASM238241v1"
"Acidimicrobium sp."	"UBA3010"	""	"GCA_002346915.1"	"draft"	"ftp://ftp.ncbi.nlm.nih.gov/genomes/all/GCA/002/346/915/GCA_002346915.1_ASM234691v1"
"Acidimicrobium sp."	"BACL17 MAG-120924-bin39"	""	"GCA_001438945.1"	"draft"	"ftp://ftp.ncbi.nlm.nih.gov/genomes/all/GCA/001/438/945/GCA_001438945.1_ASM143894v1"
"Acidimicrobium sp."	"BACL27 MAG-120823-bin0"	""	"GCA_001439005.1"	"draft"	"ftp://ftp.ncbi.nlm.nih.gov/genomes/all/GCA/001/439/005/GCA_001439005.1_ASM143900v1"
"Acidimicrobium sp."	"Baikal-G1"	""	"GCA_002737635.1"	"draft"	"ftp://ftp.ncbi.nlm.nih.gov/genomes/all/GCA/002/737/635/GCA_002737635.1_ASM273763v1"
"Acidimicrobium sp."	"Baikal-G2"	""	"GCA_002737485.1"	"draft"	"ftp://ftp.ncbi.nlm.nih.gov/genomes/all/GCA/002/737/485/GCA_002737485.1_ASM273748v1"
"Acidimicrobium sp."	"UBA3006"	""	"GCA_002346385.1"	"draft"	"ftp://ftp.ncbi.nlm.nih.gov/genomes/all/GCA/002/346/385/GCA_002346385.1_ASM234638v1"
"Acidimicrobium sp."	"UBA3029"	""	"GCA_002367695.1"	"draft"	"ftp://ftp.ncbi.nlm.nih.gov/genomes/all/GCA/002/367/695/GCA_002367695.1_ASM236769v1"
"Acidimicrobium sp."	"UBA3116"	""	"GCA_002365785.1"	"draft"	"ftp://ftp.ncbi.nlm.nih.gov/genomes/all/GCA/002/365/785/GCA_002365785.1_ASM236578v1"
"Acidimicrobium sp."	"UBA4025"	""	"GCA_002382455.1"	"draft"	"ftp://ftp.ncbi.nlm.nih.gov/genomes/all/GCA/002/382/455/GCA_002382455.1_ASM238245v1"
"Acidimicrobium sp."	"UBA4025"	""	"GCA_002382455.1"	"draft"	"ftp://ftp.ncbi.nlm.nih.gov/genomes/all/GCA/002/382/455/GCA_002382455.1_ASM238245v1"
"Acidimicrobium sp."	"BACL17 MAG-120823-bin4"	""	"GCA_001437825.1"	"draft"	"ftp://ftp.ncbi.nlm.nih.gov/genomes/all/GCA/001/437/825/GCA_001437825.1_ASM143782v1"
"Acidimicrobium sp."	"BACL17 MAG-120823-bin4"	""	"GCA_001437825.1"	"draft"	"ftp://ftp.ncbi.nlm.nih.gov/genomes/all/GCA/001/437/825/GCA_001437825.1_ASM143782v1"
"Acidimicrobium sp."	"BACL19 MAG-120924-bin42"	""	"GCA_001438985.1"	"draft"	"ftp://ftp.ncbi.nlm.nih.gov/genomes/all/GCA/001/438/985/GCA_001438985.1_ASM143898v1"
"Acidimicrobium sp."	"UBA8923"	""	"GCA_003535455.1"	"draft"	"ftp://ftp.ncbi.nlm.nih.gov/genomes/all/GCA/003/535/455/GCA_003535455.1_ASM353545v1"
"Acidimicrobium sp."	"UBA9536"	""	"GCA_003520505.1"	"draft"	"ftp://ftp.ncbi.nlm.nih.gov/genomes/all/GCA/003/520/505/GCA_003520505.1_ASM352050v1"
"Acidimicrobium sp."	"UBA9921"	""	"GCA_003451155.1"	"draft"	"ftp://ftp.ncbi.nlm.nih.gov/genomes/all/GCA/003/451/155/GCA_003451155.1_ASM345115v1"
"Acidiphilium angustum"	"ATCC 35903"	"20"	"GCA_000701585.1"	"draft"	"ftp://ftp.ncbi.nlm.nih.gov/genomes/all/GCA/000/701/585/GCA_000701585.1_ASM70158v1"
"Acidiphilium cryptum"	"JF-5"	"35"	"GCA_000016725.1"	"complete"	"ftp://ftp.ncbi.nlm.nih.gov/genomes/all/GCA/000/016/725/GCA_000016725.1_ASM1672v1"
"Acidiphilium multivorum"	"AIU301"	"31"	"GCA_000202835.1"	"complete"	"ftp://ftp.ncbi.nlm.nih.gov/genomes/all/GCA/000/202/835/GCA_000202835.1_ASM20283v1"
"Acidiphilium rubrum"	"ATCC 35905"	"20"	"GCA_900156265.1"	"draft"	"ftp://ftp.ncbi.nlm.nih.gov/genomes/all/GCA/900/156/265/GCA_900156265.1_IMG-taxon_2681812815_annotated_assembly"
"Acidiphilium sp."	"34-60-192"	""	"GCA_002282645.1"	"draft"	"ftp://ftp.ncbi.nlm.nih.gov/genomes/all/GCA/002/282/645/GCA_002282645.1_ASM228264v1"
"Acidiphilium sp."	"20-67-58"	""	"GCA_002255515.1"	"draft"	"ftp://ftp.ncbi.nlm.nih.gov/genomes/all/GCA/002/255/515/GCA_002255515.1_ASM225551v1"
"Acidiphilium sp."	"21-60-14"	""	"GCA_002255745.1"	"draft"	"ftp://ftp.ncbi.nlm.nih.gov/genomes/all/GCA/002/255/745/GCA_002255745.1_ASM225574v1"
"Acidiphilium sp."	"21-62-4"	""	"GCA_002255545.1"	"draft"	"ftp://ftp.ncbi.nlm.nih.gov/genomes/all/GCA/002/255/545/GCA_002255545.1_ASM225554v1"
"Acidiphilium sp."	"21-66-27"	""	"GCA_002255645.1"	"draft"	"ftp://ftp.ncbi.nlm.nih.gov/genomes/all/GCA/002/255/645/GCA_002255645.1_ASM225564v1"
"Acidiphilium sp."	"21-68-69"	""	"GCA_002279225.1"	"draft"	"ftp://ftp.ncbi.nlm.nih.gov/genomes/all/GCA/002/279/225/GCA_002279225.1_ASM227922v1"
"Acidiphilium sp."	"34-64-41"	""	"GCA_002282635.1"	"draft"	"ftp://ftp.ncbi.nlm.nih.gov/genomes/all/GCA/002/282/635/GCA_002282635.1_ASM228263v1"
"Acidiphilium sp."	"37-60-79"	""	"GCA_002279355.1"	"draft"	"ftp://ftp.ncbi.nlm.nih.gov/genomes/all/GCA/002/279/355/GCA_002279355.1_ASM227935v1"
"Acidiphilium sp."	"37-64-53"	""	"GCA_002279345.1"	"draft"	"ftp://ftp.ncbi.nlm.nih.gov/genomes/all/GCA/002/279/345/GCA_002279345.1_ASM227934v1"
"Acidiphilium sp."	"37-67-22"	""	"GCA_002279335.1"	"draft"	"ftp://ftp.ncbi.nlm.nih.gov/genomes/all/GCA/002/279/335/GCA_002279335.1_ASM227933v1"
"Acidiphilium sp."	"bin8_M5"	""	"2734482270"	"draft"	""
"Acidiphilium sp."	"CAG:727"	""	"GCA_000437515.1"	"draft"	"ftp://ftp.ncbi.nlm.nih.gov/genomes/all/GCA/000/437/515/GCA_000437515.1_MGS727"
"Acidiphilium sp."	"JA12-A1"	""	"GCA_000724705.2"	"draft"	"ftp://ftp.ncbi.nlm.nih.gov/genomes/all/GCA/000/724/705/GCA_000724705.2_ASM72470v2"
"Acidiphilium sp."	"PM = DSM 24941"	""	"GCA_000219295.2"	"draft"	"ftp://ftp.ncbi.nlm.nih.gov/genomes/all/GCA/000/219/295/GCA_000219295.2_Acry_PM_v3"
"Acidipila dinghuensis"	"DHOF10"	"32.5"	"GCA_004123295.1"	"draft"	"ftp://ftp.ncbi.nlm.nih.gov/genomes/all/GCA/004/123/295/GCA_004123295.1_ASM412329v1"
"Acidipila rosea"	"DSM 103428"	"30"	"GCA_004339725.1"	"draft"	"ftp://ftp.ncbi.nlm.nih.gov/genomes/all/GCA/004/339/725/GCA_004339725.1_ASM433972v1"
"Acidipila sp."	"EB88"	""	"GCA_003858395.1"	"draft"	"ftp://ftp.ncbi.nlm.nih.gov/genomes/all/GCA/003/858/395/GCA_003858395.1_ASM385839v1"
"Acidipila sp."	"4G-K13"	""	"GCA_003428625.1"	"draft"	"ftp://ftp.ncbi.nlm.nih.gov/genomes/all/GCA/003/428/625/GCA_003428625.1_ASM342862v1"
"Acidiplasma aeolicum"	"VT"	"45"	"GCA_001402945.1"	"draft"	"ftp://ftp.ncbi.nlm.nih.gov/genomes/all/GCA/001/402/945/GCA_001402945.1_ASM140294v1"
"Acidiplasma cupricumulans"	"BH22 = JCM 13668"	"53.6"	"GCA_001402935.1"	"draft"	"ftp://ftp.ncbi.nlm.nih.gov/genomes/all/GCA/001/402/935/GCA_001402935.1_ASM140293v1"
"Acidiplasma sp."	"MBA-1"	"55"	"GCA_000949015.1"	"draft"	"ftp://ftp.ncbi.nlm.nih.gov/genomes/all/GCA/000/949/015/GCA_000949015.1_ASM94901v1"
"Acidisoma sp."	"L2"	"20"	""	"draft"	""
"Acidisoma sp."	"K16"	"20"	""	"draft"	""
"Acidisphaera rubrifaciens"	"HS-AP3"	"32.5"	"GCA_000964365.1"	"draft"	"ftp://ftp.ncbi.nlm.nih.gov/genomes/all/GCA/000/964/365/GCA_000964365.1_ASM96436v1"
"Acidisphaera sp."	"G45-3"	""	"GCA_003352165.1"	"complete"	"ftp://ftp.ncbi.nlm.nih.gov/genomes/all/GCA/003/352/165/GCA_003352165.1_ASM335216v1"
"Aciditerrimonas ferrireducens"	"JCM 15389"	"50"	"GCA_001311945.1"	"draft"	"ftp://ftp.ncbi.nlm.nih.gov/genomes/all/GCA/001/311/945/GCA_001311945.1_ASM131194v1"
"Acidithiobacillus albertensis"	"DSM 14366"	"30"	"GCA_001931655.1"	"draft"	"ftp://ftp.ncbi.nlm.nih.gov/genomes/all/GCA/001/931/655/GCA_001931655.1_ASM193165v1"
"Acidithiobacillus caldus"	"SM-1"	"45"	"GCA_000221025.1"	"complete"	"ftp://ftp.ncbi.nlm.nih.gov/genomes/all/GCA/000/221/025/GCA_000221025.1_ASM22102v1"
"Acidithiobacillus caldus"	"ZBY"	""	"GCA_001756725.1"	"draft"	"ftp://ftp.ncbi.nlm.nih.gov/genomes/all/GCA/001/756/725/GCA_001756725.1_ASM175672v1"
"Acidithiobacillus caldus"	"ZJ"	""	"GCA_001756745.1"	"draft"	"ftp://ftp.ncbi.nlm.nih.gov/genomes/all/GCA/001/756/745/GCA_001756745.1_ASM175674v1"
"Acidithiobacillus caldus"	"S1"	""	"GCA_001756775.1"	"draft"	"ftp://ftp.ncbi.nlm.nih.gov/genomes/all/GCA/001/756/775/GCA_001756775.1_ASM175677v1"
"Acidithiobacillus caldus"	"S-2"	""	""	"draft"	""
"Acidithiobacillus caldus"	"MTH-04"	"40"	"GCA_001650235.2"	"draft"	"ftp://ftp.ncbi.nlm.nih.gov/genomes/all/GCA/001/650/235/GCA_001650235.2_ASM165023v2"
"Acidithiobacillus caldus"	"DX"	""	"GCA_001756675.1"	"draft"	"ftp://ftp.ncbi.nlm.nih.gov/genomes/all/GCA/001/756/675/GCA_001756675.1_ASM175667v1"
"Acidithiobacillus caldus"	"D-2"	""	""	"draft"	""
"Acidithiobacillus caldus"	"ATCC 51756"	"45"	"GCA_000175575.2"	"complete"	"ftp://ftp.ncbi.nlm.nih.gov/genomes/all/GCA/000/175/575/GCA_000175575.2_ASM17557v2"
"Acidithiobacillus ferridurans"	"JCM 18981"	"29"	"GCA_003966655.1"	"complete"	"ftp://ftp.ncbi.nlm.nih.gov/genomes/all/GCA/003/966/655/GCA_003966655.1_ASM396665v1"
"Acidithiobacillus ferrivorans"	"PQ33"	"14.5"	"GCA_001857665.2"	"draft"	"ftp://ftp.ncbi.nlm.nih.gov/genomes/all/GCA/001/857/665/GCA_001857665.2_ASM185766v2"
"Acidithiobacillus ferrivorans"	"CF27"	"29.5"	"GCA_000750615.1"	"draft"	"ftp://ftp.ncbi.nlm.nih.gov/genomes/all/GCA/000/750/615/GCA_000750615.1_ATN_AFERRI_PRJEB5721"
"Acidithiobacillus ferrivorans"	"21-59-9"	""	"GCA_002255305.1"	"draft"	"ftp://ftp.ncbi.nlm.nih.gov/genomes/all/GCA/002/255/305/GCA_002255305.1_ASM225530v1"
"Acidithiobacillus ferrivorans"	"SS3"	"22.5"	"GCA_000214095.3"	"complete"	"ftp://ftp.ncbi.nlm.nih.gov/genomes/all/GCA/000/214/095/GCA_000214095.3_ASM21409v3"
"Acidithiobacillus ferrivorans"	"YL15"	"28"	"GCA_001685225.1"	"draft"	"ftp://ftp.ncbi.nlm.nih.gov/genomes/all/GCA/001/685/225/GCA_001685225.1_ASM168522v1"
"Acidithiobacillus ferrooxidans"	"DLC-5"	"35"	"GCA_000732185.1"	"draft"	"ftp://ftp.ncbi.nlm.nih.gov/genomes/all/GCA/000/732/185/GCA_000732185.1_ASM73218v1"
"Acidithiobacillus ferrooxidans"	"Hel18"	"30"	"GCA_001559335.1"	"draft"	"ftp://ftp.ncbi.nlm.nih.gov/genomes/all/GCA/001/559/335/GCA_001559335.1_ASM155933v1"
"Acidithiobacillus ferrooxidans"	"RVS1"	"30"	"GCA_003931975.1"	"draft"	"ftp://ftp.ncbi.nlm.nih.gov/genomes/all/GCA/003/931/975/GCA_003931975.1_ASM393197v1"
"Acidithiobacillus ferrooxidans"	"IO-2C"	""	"GCA_003309025.1"	"draft"	"ftp://ftp.ncbi.nlm.nih.gov/genomes/all/GCA/003/309/025/GCA_003309025.1_ASM330902v1"
"Acidithiobacillus ferrooxidans"	"YQH-1"	"32"	"GCA_001418795.1"	"draft"	"ftp://ftp.ncbi.nlm.nih.gov/genomes/all/GCA/001/418/795/GCA_001418795.1_ASM141879v1"
"Acidithiobacillus ferrooxidans"	"ATCC 23270"	"26"	"GCA_000021485.1"	"complete"	"ftp://ftp.ncbi.nlm.nih.gov/genomes/all/GCA/000/021/485/GCA_000021485.1_ASM2148v1"
"Acidithiobacillus ferrooxidans"	"ATCC 53993"	"30"	"GCA_000020825.1"	"complete"	"ftp://ftp.ncbi.nlm.nih.gov/genomes/all/GCA/000/020/825/GCA_000020825.1_ASM2082v1"
"Acidithiobacillus ferrooxidans"	"BY0502"	"30"	"GCA_001652185.1"	"draft"	"ftp://ftp.ncbi.nlm.nih.gov/genomes/all/GCA/001/652/185/GCA_001652185.1_ASM165218v1"
"Acidithiobacillus ferrooxidans"	"CCM 4253"	"26"	"GCA_003233765.1"	"draft"	"ftp://ftp.ncbi.nlm.nih.gov/genomes/all/GCA/003/233/765/GCA_003233765.1_ASM323376v1"
"Acidithiobacillus sp."	"GGI-221"	""	"GCA_000179815.2"	"draft"	"ftp://ftp.ncbi.nlm.nih.gov/genomes/all/GCA/000/179/815/GCA_000179815.2_ASM17981v2"
"Acidithiobacillus sp."	"CJ-2"	"26.5"	"GCA_003721225.1"	"draft"	"ftp://ftp.ncbi.nlm.nih.gov/genomes/all/GCA/003/721/225/GCA_003721225.1_ASM372122v1"
"Acidithiobacillus sp."	"UBA2486"	""	"GCA_002341825.1"	"draft"	"ftp://ftp.ncbi.nlm.nih.gov/genomes/all/GCA/002/341/825/GCA_002341825.1_ASM234182v1"
"Acidithiobacillus sp."	"SH"	"30"	"GCA_002847505.1"	"draft"	"ftp://ftp.ncbi.nlm.nih.gov/genomes/all/GCA/002/847/505/GCA_002847505.1_ASM284750v1"
"Acidithiobacillus sp."	"NORP59"	""	"GCA_002733395.1"	"draft"	"ftp://ftp.ncbi.nlm.nih.gov/genomes/all/GCA/002/733/395/GCA_002733395.1_ASM273339v1"
"Acidithiobacillus thiooxidans"	"JYC-17"	"30"	"GCA_001705755.1"	"draft"	"ftp://ftp.ncbi.nlm.nih.gov/genomes/all/GCA/001/705/755/GCA_001705755.1_ASM170575v1"
"Acidithiobacillus thiooxidans"	"DXS-W"	"30"	"GCA_001705805.1"	"draft"	"ftp://ftp.ncbi.nlm.nih.gov/genomes/all/GCA/001/705/805/GCA_001705805.1_ASM170580v1"
"Acidithiobacillus thiooxidans"	"DMC"	"30"	"GCA_001705625.1"	"draft"	"ftp://ftp.ncbi.nlm.nih.gov/genomes/all/GCA/001/705/625/GCA_001705625.1_ASM170562v1"
"Acidithiobacillus thiooxidans"	"CLST"	"28"	"GCA_002079865.1"	"draft"	"ftp://ftp.ncbi.nlm.nih.gov/genomes/all/GCA/002/079/865/GCA_002079865.1_ASM207986v1"
"Acidithiobacillus thiooxidans"	"BY-02"	"30"	"GCA_001705725.1"	"draft"	"ftp://ftp.ncbi.nlm.nih.gov/genomes/all/GCA/001/705/725/GCA_001705725.1_ASM170572v1"
"Acidithiobacillus thiooxidans"	"ATCC 19377"	"26"	"GCA_000227215.2"	"draft"	"ftp://ftp.ncbi.nlm.nih.gov/genomes/all/GCA/000/227/215/GCA_000227215.2_ASM22721v2"
"Acidithiobacillus thiooxidans"	"A02"	"30"	"GCA_001705645.1"	"draft"	"ftp://ftp.ncbi.nlm.nih.gov/genomes/all/GCA/001/705/645/GCA_001705645.1_ASM170564v1"
"Acidithiobacillus thiooxidans"	"A01"	"30"	"GCA_000559045.1"	"draft"	"ftp://ftp.ncbi.nlm.nih.gov/genomes/all/GCA/000/559/045/GCA_000559045.1_AcidThiA01"
"Acidithiobacillus thiooxidans"	"GD1-3"	"30"	"GCA_001705695.1"	"draft"	"ftp://ftp.ncbi.nlm.nih.gov/genomes/all/GCA/001/705/695/GCA_001705695.1_ASM170569v1"
"Acidithiobacillus thiooxidans"	"ZBY"	"30"	"GCA_001756595.1"	"draft"	"ftp://ftp.ncbi.nlm.nih.gov/genomes/all/GCA/001/756/595/GCA_001756595.1_ASM175659v1"
"Acidithiobacillus thiooxidans"	"Licanantay"	"30"	"GCA_000709715.1"	"draft"	"ftp://ftp.ncbi.nlm.nih.gov/genomes/all/GCA/000/709/715/GCA_000709715.1_ATLIC3.0"
"Acidithrix ferrooxidans"	"Py-F3"	"25"	"GCA_000949295.1"	"draft"	"ftp://ftp.ncbi.nlm.nih.gov/genomes/all/GCA/000/949/295/GCA_000949295.1_ASM94929v1"
"Acidobacterium capsulatum"	"ATCC 51196"	"31"	"GCA_000022565.1"	"complete"	"ftp://ftp.ncbi.nlm.nih.gov/genomes/all/GCA/000/022/565/GCA_000022565.1_ASM2256v1"
"Acidocella aminolytica"	"DSM 11237"	"31"	"GCA_900129125.1"	"draft"	"ftp://ftp.ncbi.nlm.nih.gov/genomes/all/GCA/900/129/125/GCA_900129125.1_IMG-taxon_2582581264_annotated_assembly"
"Acidocella facilis"	"ATCC 35904"	"31"	"GCA_000687875.1"	"draft"	"ftp://ftp.ncbi.nlm.nih.gov/genomes/all/GCA/000/687/875/GCA_000687875.1_ASM68787v1"
"Acidocella sp."	"20-57-95"	""	"GCA_002255575.1"	"draft"	"ftp://ftp.ncbi.nlm.nih.gov/genomes/all/GCA/002/255/575/GCA_002255575.1_ASM225557v1"
"Acidocella sp."	"MX-AZ02"	""	"GCA_000306035.1"	"draft"	"ftp://ftp.ncbi.nlm.nih.gov/genomes/all/GCA/000/306/035/GCA_000306035.1_ASM30603v1"
"Acidocella sp."	"20-63-7"	"6.29"	"GCA_002255455.1"	"draft"	"ftp://ftp.ncbi.nlm.nih.gov/genomes/all/GCA/002/255/455/GCA_002255455.1_ASM225545v1"
"Acidocella sp."	"20-61-6"	""	"GCA_002255625.1"	"draft"	"ftp://ftp.ncbi.nlm.nih.gov/genomes/all/GCA/002/255/625/GCA_002255625.1_ASM225562v1"
"Acidocella sp."	"21-58-7"	"6.29"	"GCA_002255715.1"	"draft"	"ftp://ftp.ncbi.nlm.nih.gov/genomes/all/GCA/002/255/715/GCA_002255715.1_ASM225571v1"
"Acidocella sp."	"20-58-15"	""	"GCA_002255785.1"	"draft"	"ftp://ftp.ncbi.nlm.nih.gov/genomes/all/GCA/002/255/785/GCA_002255785.1_ASM225578v1"
"Acidocella sp."	"35-58-6"	"6.29"	"GCA_002281005.1"	"draft"	"ftp://ftp.ncbi.nlm.nih.gov/genomes/all/GCA/002/281/005/GCA_002281005.1_ASM228100v1"
"Acidomonas methanolica"	"MB58 = DSM 5432 = IMET 10945"	"33.5"	"GCA_000617865.1"	"draft"	"ftp://ftp.ncbi.nlm.nih.gov/genomes/all/GCA/000/617/865/GCA_000617865.1_ASM61786v1"
"Acidothermus cellulolyticus"	"11B"	"55"	"GCA_000015025.1"	"complete"	"ftp://ftp.ncbi.nlm.nih.gov/genomes/all/GCA/000/015/025/GCA_000015025.1_ASM1502v1"
"Acidovorax sp."	"35-64-16"	"6.29"	"GCA_002281195.1"	"draft"	"ftp://ftp.ncbi.nlm.nih.gov/genomes/all/GCA/002/281/195/GCA_002281195.1_ASM228119v1"
"Acidovorax sp."	"32-64-7"	"6.29"	"GCA_002280295.1"	"draft"	"ftp://ftp.ncbi.nlm.nih.gov/genomes/all/GCA/002/280/295/GCA_002280295.1_ASM228029v1"
"Acidovorax sp."	"28-64-14"	"6.29"	"GCA_002278845.1"	"draft"	"ftp://ftp.ncbi.nlm.nih.gov/genomes/all/GCA/002/278/845/GCA_002278845.1_ASM227884v1"
"Acidovorax sp."	"24-64-9"	"6.29"	"GCA_002257135.1"	"draft"	"ftp://ftp.ncbi.nlm.nih.gov/genomes/all/GCA/002/257/135/GCA_002257135.1_ASM225713v1"
"Acidovorax sp."	"17-64-282"	"6.29"	"GCA_002282295.1"	"draft"	"ftp://ftp.ncbi.nlm.nih.gov/genomes/all/GCA/002/282/295/GCA_002282295.1_ASM228229v1"
"Acidovorax sp."	"16-64-162"	"6.29"	"GCA_002281795.1"	"draft"	"ftp://ftp.ncbi.nlm.nih.gov/genomes/all/GCA/002/281/795/GCA_002281795.1_ASM228179v1"
"Acidovorax sp."	"39-64-12"	"6.29"	"GCA_002282335.1"	"draft"	"ftp://ftp.ncbi.nlm.nih.gov/genomes/all/GCA/002/282/335/GCA_002282335.1_ASM228233v1"
"Aciduliprofundum boonei"	"T469"	"70"	"GCA_000025665.1"	"complete"	"ftp://ftp.ncbi.nlm.nih.gov/genomes/all/GCA/000/025/665/GCA_000025665.1_ASM2566v1"
"Aciduliprofundum sp."	"ARK-15"	""	"GCA_002878135.1"	"draft"	"ftp://ftp.ncbi.nlm.nih.gov/genomes/all/GCA/002/878/135/GCA_002878135.1_ASM287813v1"
"Aciduliprofundum sp."	"JdFR-44"	""	"2728369338"	"draft"	""
"Aciduliprofundum sp."	"MAR08-339"	""	"GCA_000327505.1"	"complete"	"ftp://ftp.ncbi.nlm.nih.gov/genomes/all/GCA/000/327/505/GCA_000327505.1_ASM32750v1"
"Aciduliprofundum sp."	"JdFR-45"	""	"2728369328"	"draft"	""
"Actinobacteria bacterium"	"21-73-9"	"6.29"	"GCA_002255565.1"	"draft"	"ftp://ftp.ncbi.nlm.nih.gov/genomes/all/GCA/002/255/565/GCA_002255565.1_ASM225556v1"
"Actinobacteria bacterium"	"21-64-8"	"6.29"	"GCA_002255315.1"	"draft"	"ftp://ftp.ncbi.nlm.nih.gov/genomes/all/GCA/002/255/315/GCA_002255315.1_ASM225531v1"
"Actinospica acidiphila"	"NRRL B-24431"	"28"	"GCA_000717315.1"	"draft"	"ftp://ftp.ncbi.nlm.nih.gov/genomes/all/GCA/000/717/315/GCA_000717315.1_ASM71731v1"
"Alicyclobacillus acidiphilus"	"NBRC 100859"	"50"	"GCA_001544355.1"	"draft"	"ftp://ftp.ncbi.nlm.nih.gov/genomes/all/GCA/001/544/355/GCA_001544355.1_ASM154435v1"
"Alicyclobacillus acidocaldarius"	"LAA1"	""	"GCA_000173835.1"	"draft"	"ftp://ftp.ncbi.nlm.nih.gov/genomes/all/GCA/000/173/835/GCA_000173835.1_ASM17383v1"
"Alicyclobacillus acidocaldarius"	"Tc-4-1"	"70"	"GCA_000219875.1"	"complete"	"ftp://ftp.ncbi.nlm.nih.gov/genomes/all/GCA/000/219/875/GCA_000219875.1_ASM21987v1"
"Alicyclobacillus acidocaldarius"	"104-IA = DSM 446"	"65"	"GCA_000024285.1"	"complete"	"ftp://ftp.ncbi.nlm.nih.gov/genomes/all/GCA/000/024/285/GCA_000024285.1_ASM2428v1"
"Alicyclobacillus acidoterrestris"	"ATCC 49025"	"47.5"	"GCA_000444055.1"	"draft"	"ftp://ftp.ncbi.nlm.nih.gov/genomes/all/GCA/000/444/055/GCA_000444055.1_Alicyclobac_acidoter_v1"
"Alicyclobacillus contaminans"	"DSM 17975"	"52.5"	"GCA_000429525.1"	"draft"	"ftp://ftp.ncbi.nlm.nih.gov/genomes/all/GCA/000/429/525/GCA_000429525.1_ASM42952v1"
"Alicyclobacillus ferrooxydans"	"TC-34"	"28"	"GCA_001399675.1"	"draft"	"ftp://ftp.ncbi.nlm.nih.gov/genomes/all/GCA/001/399/675/GCA_001399675.1_ASM139967v1"
"Alicyclobacillus herbarius"	"DSM 13609"	"57.5"	"GCA_000430585.1"	"draft"	"ftp://ftp.ncbi.nlm.nih.gov/genomes/all/GCA/000/430/585/GCA_000430585.1_ASM43058v1"
"Alicyclobacillus hesperidum"	"DSM 12489"	"50"	"GCA_900107035.1"	"draft"	"ftp://ftp.ncbi.nlm.nih.gov/genomes/all/GCA/900/107/035/GCA_900107035.1_IMG-taxon_2634166329_annotated_assembly"
"Alicyclobacillus hesperidum"	"URH17-3-68"	"52.5"	"GCA_000294675.1"	"draft"	"ftp://ftp.ncbi.nlm.nih.gov/genomes/all/GCA/000/294/675/GCA_000294675.1_ASM29467v1"
"Alicyclobacillus kakegawensis"	"5-A83J"	"52.5"	"GCA_001552655.1"	"draft"	"ftp://ftp.ncbi.nlm.nih.gov/genomes/all/GCA/001/552/655/GCA_001552655.1_ASM155265v1"
"Alicyclobacillus macrosporangiidus"	"DSM 17980"	"52.5"	"GCA_900116805.1"	"draft"	"ftp://ftp.ncbi.nlm.nih.gov/genomes/all/GCA/900/116/805/GCA_900116805.1_IMG-taxon_2675903231_annotated_assembly"
"Alicyclobacillus macrosporangiidus"	"CPP55"	""	"GCA_000702485.1"	"draft"	"ftp://ftp.ncbi.nlm.nih.gov/genomes/all/GCA/000/702/485/GCA_000702485.1_ASM70248v1"
"Alicyclobacillus mali"	"NBRC 102425"	"63"	"GCA_001570745.1"	"draft"	"ftp://ftp.ncbi.nlm.nih.gov/genomes/all/GCA/001/570/745/GCA_001570745.1_ASM157074v1"
"Alicyclobacillus montanus"	"USBA-503 = USBA-GBX-503"	"45"	"GCA_900142255.1"	"draft"	"ftp://ftp.ncbi.nlm.nih.gov/genomes/all/GCA/900/142/255/GCA_900142255.1_IMG-taxon_2667527379_annotated_assembly"
"Alicyclobacillus pomorum"	"DSM 14955"	"47.5"	"GCA_000472905.1"	"draft"	"ftp://ftp.ncbi.nlm.nih.gov/genomes/all/GCA/000/472/905/GCA_000472905.1_ASM47290v1"
"Alicyclobacillus sacchari"	"DSM 17974"	"47.5"	"GCA_004366795.1"	"draft"	"ftp://ftp.ncbi.nlm.nih.gov/genomes/all/GCA/004/366/795/GCA_004366795.1_ASM436679v1"
"Alicyclobacillus shizuokensis"	"4-A336"	"47.5"	"GCA_001552255.1"	"draft"	"ftp://ftp.ncbi.nlm.nih.gov/genomes/all/GCA/001/552/255/GCA_001552255.1_ASM155225v1"
"Alicyclobacillus sp."	"RIFOXYA1_FULL_53_8"	""	"GCA_001767765.1"	"draft"	"ftp://ftp.ncbi.nlm.nih.gov/genomes/all/GCA/001/767/765/GCA_001767765.1_ASM176776v1"
"Alicyclobacillus tengchongensis"	"CGMCC 1504"	"45"	"GCA_001447355.1"	"draft"	"ftp://ftp.ncbi.nlm.nih.gov/genomes/all/GCA/001/447/355/GCA_001447355.1_ASM144735v1"
"Alicyclobacillus vulcanalis"	"DSM 16176"	"55"	"GCA_900156755.1"	"draft"	"ftp://ftp.ncbi.nlm.nih.gov/genomes/all/GCA/900/156/755/GCA_900156755.1_IMG-taxon_2681813550_annotated_assembly"
"Asaia bogorensis"	"IPC-01"	""	"GCA_900465315.1"	"draft"	"ftp://ftp.ncbi.nlm.nih.gov/genomes/all/GCA/900/465/315/GCA_900465315.1_PRJEB27024"
"Asaia bogorensis"	"GD-01"	""	"GCA_900465345.1"	"draft"	"ftp://ftp.ncbi.nlm.nih.gov/genomes/all/GCA/900/465/345/GCA_900465345.1_PRJEB27025"
"Asaia bogorensis"	"NBRC 16594 = JCM 10569"	"30"	"GCA_001547995.1"	"complete"	"ftp://ftp.ncbi.nlm.nih.gov/genomes/all/GCA/001/547/995/GCA_001547995.1_ASM154799v1"
"Bryocella elongata"	"DSM 22489 = SN10"	"22"	"GCA_900108185.1"	"draft"	"ftp://ftp.ncbi.nlm.nih.gov/genomes/all/GCA/900/108/185/GCA_900108185.1_IMG-taxon_2684622995_annotated_assembly"
"Burkholderiales bacterium"	"GJ-E10"	"31"	"GCA_000828975.1"	"complete"	"ftp://ftp.ncbi.nlm.nih.gov/genomes/all/GCA/000/828/975/GCA_000828975.1_ASM82897v1"
"Caldisphaera lagunensis"	"DSM 15908"	"72.5"	"GCA_000317795.1"	"complete"	"ftp://ftp.ncbi.nlm.nih.gov/genomes/all/GCA/000/317/795/GCA_000317795.1_ASM31779v1"
"Caldisphaera sp."	"ZAV-19"	""	"GCA_002877855.1"	"draft"	"ftp://ftp.ncbi.nlm.nih.gov/genomes/all/GCA/002/877/855/GCA_002877855.1_ASM287785v1"
"Caldisphaera sp."	"ARK-06"	""	"GCA_002878225.1"	"draft"	"ftp://ftp.ncbi.nlm.nih.gov/genomes/all/GCA/002/878/225/GCA_002878225.1_ASM287822v1"
"Caldisphaera sp."	"ZAV-20"	""	"GCA_002877795.1"	"draft"	"ftp://ftp.ncbi.nlm.nih.gov/genomes/all/GCA/002/877/795/GCA_002877795.1_ASM287779v1"
"Caldisphaera sp."	"ARK-07"	""	"GCA_002878235.1"	"draft"	"ftp://ftp.ncbi.nlm.nih.gov/genomes/all/GCA/002/878/235/GCA_002878235.1_ASM287823v1"
"Caldivirga maquilingensis"	"IC- 167"	"85"	"GCA_000018305.1"	"complete"	"ftp://ftp.ncbi.nlm.nih.gov/genomes/all/GCA/000/018/305/GCA_000018305.1_ASM1830v1"
"Caldivirga sp."	"MU80"	""	"GCA_001663375.1"	"draft"	"ftp://ftp.ncbi.nlm.nih.gov/genomes/all/GCA/001/663/375/GCA_001663375.1_ASM166337v1"
"Caldivirga sp."	"UBA161"	""	"GCA_002506515.1"	"draft"	"ftp://ftp.ncbi.nlm.nih.gov/genomes/all/GCA/002/506/515/GCA_002506515.1_ASM250651v1"
"Caldivirga sp."	"CIS_19"	"78"	"GCA_001515805.1"	"draft"	"ftp://ftp.ncbi.nlm.nih.gov/genomes/all/GCA/001/515/805/GCA_001515805.1_ASM151580v1"
"Caldivirga sp."	"MG_3"	"80"	"GCA_001516725.1"	"draft"	"ftp://ftp.ncbi.nlm.nih.gov/genomes/all/GCA/001/516/725/GCA_001516725.1_ASM151672v1"
"Catenulispora sp."	"13_1_20CM_3_70_7"	""	"GCA_001920315.1"	"draft"	"ftp://ftp.ncbi.nlm.nih.gov/genomes/all/GCA/001/920/315/GCA_001920315.1_ASM192031v1"
"Chlamydomonas eustigma"	"NIES-2499"	"20"	"GCA_002335675.1"	"draft"	"ftp://ftp.ncbi.nlm.nih.gov/genomes/all/GCA/002/335/675/GCA_002335675.1_C.eustigma_genome_v1.0"
"Chthonomonas calidirosea"	"P488"	""	"GCA_001457975.1"	"draft"	"ftp://ftp.ncbi.nlm.nih.gov/genomes/all/GCA/001/457/975/GCA_001457975.1_P488"
"Cuniculiplasma divulgatum"	"JCM 30642"	"38.5"	"GCA_900083515.1"	"complete"	"ftp://ftp.ncbi.nlm.nih.gov/genomes/all/GCA/900/083/515/GCA_900083515.1_ASM90008351v1"
"Cuniculiplasma divulgatum"	"JCM 30641"	"38.5"	"GCA_900090055.1"	"complete"	"ftp://ftp.ncbi.nlm.nih.gov/genomes/all/GCA/900/090/055/GCA_900090055.1_C.divulgatum_PM4"
"Cuniculiplasma sp."	"C_DKE"	"22"	"GCA_002204655.1"	"draft"	"ftp://ftp.ncbi.nlm.nih.gov/genomes/all/GCA/002/204/655/GCA_002204655.1_ASM220465v1"
"Cyanidioschyzon merolae"	"10D"	"45"	"GCA_000091205.1"	"complete"	"ftp://ftp.ncbi.nlm.nih.gov/genomes/all/GCA/000/091/205/GCA_000091205.1_ASM9120v1"
"Desulfosporosinus infrequens"	"SbF1"	"14"	"GCA_900290375.1"	"draft"	"ftp://ftp.ncbi.nlm.nih.gov/genomes/all/GCA/900/290/375/GCA_900290375.1_SbF1"
"Desulfosporosinus sp."	"Sb-LF"	"15.44"	"GCA_004766055.1"	"draft"	"ftp://ftp.ncbi.nlm.nih.gov/genomes/all/GCA/004/766/055/GCA_004766055.1_ASM476605v1"
"Desulfosporosinus sp."	"BG"	"28"	"GCA_001707885.1"	"draft"	"ftp://ftp.ncbi.nlm.nih.gov/genomes/all/GCA/001/707/885/GCA_001707885.1_ASM170788v1"
"Desulfosporosinus sp."	"FKA"	""	"GCA_002196785.1"	"draft"	"ftp://ftp.ncbi.nlm.nih.gov/genomes/all/GCA/002/196/785/GCA_002196785.1_ASM219678v1"
"Edaphobacter aggregans"	"EB153"	""	"GCA_003945235.1"	"draft"	"ftp://ftp.ncbi.nlm.nih.gov/genomes/all/GCA/003/945/235/GCA_003945235.1_ASM394523v1"
"Edaphobacter dinghuensis"	"EB95"	""	"GCA_003633965.1"	"draft"	"ftp://ftp.ncbi.nlm.nih.gov/genomes/all/GCA/003/633/965/GCA_003633965.1_ASM363396v1"
"Ferrimicrobium acidiphilum"	"DSM 19497"	"35"	"GCA_000745905.1"	"draft"	"ftp://ftp.ncbi.nlm.nih.gov/genomes/all/GCA/000/745/905/GCA_000745905.1_ASM74590v1"
"Ferrimicrobium sp."	"UBA6820"	""	"GCA_002452255.1"	"draft"	"ftp://ftp.ncbi.nlm.nih.gov/genomes/all/GCA/002/452/255/GCA_002452255.1_ASM245225v1"
"Ferrithrix thermotolerans"	"DSM 19514"	"43"	"GCA_900128965.1"	"draft"	"ftp://ftp.ncbi.nlm.nih.gov/genomes/all/GCA/900/128/965/GCA_900128965.1_IMG-taxon_2582580746_annotated_assembly"
"Ferroplasma acidarmanus"	"fer1"	"42"	"GCA_000152265.2"	"complete"	"ftp://ftp.ncbi.nlm.nih.gov/genomes/all/GCA/000/152/265/GCA_000152265.2_ASM15226v2"
"Ferroplasma acidarmanus"	"Type I"	""	"AADL00000000"	"draft"	""
"Ferroplasma acidiphilum"	"Y"	"35.5"	"GCA_002078355.1"	"draft"	"ftp://ftp.ncbi.nlm.nih.gov/genomes/all/GCA/002/078/355/GCA_002078355.1_ASM207835v1"
"Ferroplasma sp."	"Type II"	""	"GCA_000496155.1"	"draft"	"ftp://ftp.ncbi.nlm.nih.gov/genomes/all/GCA/000/496/155/GCA_000496155.1_fer2"
"Ferrovum myxofaciens"	"PN-J185"	"20"	"2627853523"	"draft"	""
"Ferrovum myxofaciens"	"JA12"	""	"2627853521"	"draft"	""
"Ferrovum myxofaciens"	"P3G"	"32"	"GCA_000735045.1"	"draft"	"ftp://ftp.ncbi.nlm.nih.gov/genomes/all/GCA/000/735/045/GCA_000735045.1_Fv_myxofaciens_P3G_1.0"
"Ferrovum sp."	"Z-31 = Zulauf-31"	"20"	"GCA_001581915.1"	"draft"	"ftp://ftp.ncbi.nlm.nih.gov/genomes/all/GCA/001/581/915/GCA_001581915.1_ASM158191v1"
"Ferrovum sp."	"JA12"	"28"	"GCA_001431705.1"	"draft"	"ftp://ftp.ncbi.nlm.nih.gov/genomes/all/GCA/001/431/705/GCA_001431705.1_FMY"
"Galdieria sulphuraria"	"074W"	"37"	"GCA_000341285.1"	"draft"	"ftp://ftp.ncbi.nlm.nih.gov/genomes/all/GCA/000/341/285/GCA_000341285.1_ASM34128v1"
"Galdieria sulphuraria"	"107.79"	"37"	"GCA_001704855.1"	"draft"	"ftp://ftp.ncbi.nlm.nih.gov/genomes/all/GCA/001/704/855/GCA_001704855.1_ASM170485v1"
"Gallionella acididurans (Candidatus)"	"ShG14-8"	"6.5"	"GCA_001577345.1"	"draft"	"ftp://ftp.ncbi.nlm.nih.gov/genomes/all/GCA/001/577/345/GCA_001577345.1_ASM157734v1"
"Gluconacetobacter entanii"	"LTH 4560"	"30"	"GCA_003206495.1"	"draft"	"ftp://ftp.ncbi.nlm.nih.gov/genomes/all/GCA/003/206/495/GCA_003206495.1_ASM320649v1"
"Granulicella mallensis"	"MP5ACTX8"	"25.5"	"GCA_000178955.2"	"complete"	"ftp://ftp.ncbi.nlm.nih.gov/genomes/all/GCA/000/178/955/GCA_000178955.2_ASM17895v2"
"Granulicella pectinivorans"	"DSM 21001"	"20"	"GCA_900114625.1"	"draft"	"ftp://ftp.ncbi.nlm.nih.gov/genomes/all/GCA/900/114/625/GCA_900114625.1_IMG-taxon_2687453730_annotated_assembly"
"Granulicella rosea"	"DSM 18704"	"20"	"GCA_900188085.1"	"draft"	"ftp://ftp.ncbi.nlm.nih.gov/genomes/all/GCA/900/188/085/GCA_900188085.1_IMG-taxon_2681813547_annotated_assembly"
"Granulicella sp."	"bog_405"	""	"GCA_003142215.1"	"draft"	"ftp://ftp.ncbi.nlm.nih.gov/genomes/all/GCA/003/142/215/GCA_003142215.1_20120700_S3X"
"Granulicella sp."	"bog_404"	""	"GCA_003142235.1"	"draft"	"ftp://ftp.ncbi.nlm.nih.gov/genomes/all/GCA/003/142/235/GCA_003142235.1_20120700_S3X"
"Granulicella sp."	"bog_326"	""	"GCA_003155975.1"	"draft"	"ftp://ftp.ncbi.nlm.nih.gov/genomes/all/GCA/003/155/975/GCA_003155975.1_20120600_S3D"
"Granulicella sp."	"Palsa_287"	""	"GCA_003132145.1"	"draft"	"ftp://ftp.ncbi.nlm.nih.gov/genomes/all/GCA/003/132/145/GCA_003132145.1_20120500_P28"
"Granulicella sp."	"bog_395"	""	"GCA_003159515.1"	"draft"	"ftp://ftp.ncbi.nlm.nih.gov/genomes/all/GCA/003/159/515/GCA_003159515.1_20120700_S3D"
"Granulicella sp."	"bog_394"	""	"GCA_003159575.1"	"draft"	"ftp://ftp.ncbi.nlm.nih.gov/genomes/all/GCA/003/159/575/GCA_003159575.1_20120700_S3D"
"Granulicella sp."	"bog_392"	""	"GCA_003159855.1"	"draft"	"ftp://ftp.ncbi.nlm.nih.gov/genomes/all/GCA/003/159/855/GCA_003159855.1_20120700_S3D"
"Granulicella sp."	"bog_396"	""	"GCA_003159875.1"	"draft"	"ftp://ftp.ncbi.nlm.nih.gov/genomes/all/GCA/003/159/875/GCA_003159875.1_20120700_S3D"
"Granulicella sp."	"bog_99"	""	"GCA_003161035.1"	"draft"	"ftp://ftp.ncbi.nlm.nih.gov/genomes/all/GCA/003/161/035/GCA_003161035.1_20110600_S1D"
"Granulicella sp."	"bog_95"	""	"GCA_003161075.1"	"draft"	"ftp://ftp.ncbi.nlm.nih.gov/genomes/all/GCA/003/161/075/GCA_003161075.1_20110600_S1D"
"Granulicella sp."	"bog_97"	""	"GCA_003161365.1"	"draft"	"ftp://ftp.ncbi.nlm.nih.gov/genomes/all/GCA/003/161/365/GCA_003161365.1_20110600_S1D"
"Granulicella sp."	"bog_446"	""	"GCA_003162855.1"	"draft"	"ftp://ftp.ncbi.nlm.nih.gov/genomes/all/GCA/003/162/855/GCA_003162855.1_20120800_S3X"
"Granulicella sp."	"GAS466"	""	"2785511465"	"draft"	""
"Granulicella sp."	"bog_402"	""	"GCA_003159275.1"	"draft"	"ftp://ftp.ncbi.nlm.nih.gov/genomes/all/GCA/003/159/275/GCA_003159275.1_20120700_S3X"
"Granulicella sp."	"Palsa_288"	""	"GCA_003133205.1"	"draft"	"ftp://ftp.ncbi.nlm.nih.gov/genomes/all/GCA/003/133/205/GCA_003133205.1_20120500_P28"
"Granulicella sp."	"bog_259"	""	"GCA_003134355.1"	"draft"	"ftp://ftp.ncbi.nlm.nih.gov/genomes/all/GCA/003/134/355/GCA_003134355.1_20111000_S2D"
"Granulicella sp."	"bog_230"	""	"GCA_003138115.1"	"draft"	"ftp://ftp.ncbi.nlm.nih.gov/genomes/all/GCA/003/138/115/GCA_003138115.1_20110800_S3M"
"Granulicella sp."	"bog_215"	""	"GCA_003138715.1"	"draft"	"ftp://ftp.ncbi.nlm.nih.gov/genomes/all/GCA/003/138/715/GCA_003138715.1_20110800_S2M"
"Granulicella sp."	"bog_213"	""	"GCA_003138735.1"	"draft"	"ftp://ftp.ncbi.nlm.nih.gov/genomes/all/GCA/003/138/735/GCA_003138735.1_20110800_S2M"
"Granulicella sp."	"bog_210"	""	"GCA_003138795.1"	"draft"	"ftp://ftp.ncbi.nlm.nih.gov/genomes/all/GCA/003/138/795/GCA_003138795.1_20110800_S2D"
"Granulicella sp."	"bog_115"	""	"GCA_003168875.1"	"draft"	"ftp://ftp.ncbi.nlm.nih.gov/genomes/all/GCA/003/168/875/GCA_003168875.1_20110600_S3D"
"Granulicella sp."	"bog_149"	""	"GCA_003166755.1"	"draft"	"ftp://ftp.ncbi.nlm.nih.gov/genomes/all/GCA/003/166/755/GCA_003166755.1_20110700_S1D"
"Granulicella sp."	"bog_168"	""	"GCA_003166015.1"	"draft"	"ftp://ftp.ncbi.nlm.nih.gov/genomes/all/GCA/003/166/015/GCA_003166015.1_20110700_S3M"
"Granulicella sp."	"bog_170"	""	"GCA_003165995.1"	"draft"	"ftp://ftp.ncbi.nlm.nih.gov/genomes/all/GCA/003/165/995/GCA_003165995.1_20110700_S3M"
"Granulicella sp."	"bog_369"	""	"GCA_003165175.1"	"draft"	"ftp://ftp.ncbi.nlm.nih.gov/genomes/all/GCA/003/165/175/GCA_003165175.1_20120700_S1D"
"Granulicella sp."	"bog_445"	""	"GCA_003162875.1"	"draft"	"ftp://ftp.ncbi.nlm.nih.gov/genomes/all/GCA/003/162/875/GCA_003162875.1_20120800_S3X"
"Granulicella sp."	"AF10"	""	"GCA_004115155.1"	"draft"	"ftp://ftp.ncbi.nlm.nih.gov/genomes/all/GCA/004/115/155/GCA_004115155.1_ASM411515v1"
"Granulicella sp."	"UBA4739"	""	"GCA_002403945.1"	"draft"	"ftp://ftp.ncbi.nlm.nih.gov/genomes/all/GCA/002/403/945/GCA_002403945.1_ASM240394v1"
"Granulicella sp."	"UBA5172"	""	"GCA_002413385.1"	"draft"	"ftp://ftp.ncbi.nlm.nih.gov/genomes/all/GCA/002/413/385/GCA_002413385.1_ASM241338v1"
"Granulicella tundricola"	"MP5ACTX9"	"22.5"	"GCA_000178975.2"	"complete"	"ftp://ftp.ncbi.nlm.nih.gov/genomes/all/GCA/000/178/975/GCA_000178975.2_ASM17897v2"
"Hydrogenobaculum sp."	"3684"	"65"	"GCA_000213785.1"	"complete"	"ftp://ftp.ncbi.nlm.nih.gov/genomes/all/GCA/000/213/785/GCA_000213785.1_ASM21378v1"
"Hydrogenobaculum sp."	"HO"	"65"	"GCA_000341855.1"	"complete"	"ftp://ftp.ncbi.nlm.nih.gov/genomes/all/GCA/000/341/855/GCA_000341855.1_ASM34185v1"
"Hydrogenobaculum sp."	"SHO"	"65"	"GCA_000215065.1"	"complete"	"ftp://ftp.ncbi.nlm.nih.gov/genomes/all/GCA/000/215/065/GCA_000215065.1_ASM21506v1"
"Hydrogenobaculum sp."	"SN"	"65"	"GCA_000348765.2"	"complete"	"ftp://ftp.ncbi.nlm.nih.gov/genomes/all/GCA/000/348/765/GCA_000348765.2_ASM34876v2"
"Hydrogenobaculum sp."	"Y04AAS1"	"65"	"GCA_000020785.1"	"complete"	"ftp://ftp.ncbi.nlm.nih.gov/genomes/all/GCA/000/020/785/GCA_000020785.1_ASM2078v1"
"Kozakia baliensis"	"DSM 14400"	"30"	"GCA_001787335.1"	"complete"	"ftp://ftp.ncbi.nlm.nih.gov/genomes/all/GCA/001/787/335/GCA_001787335.1_ASM178733v1"
"Kyrpidia spormannii"	"EA-1"	""	"GCA_002804065.1"	"draft"	"ftp://ftp.ncbi.nlm.nih.gov/genomes/all/GCA/002/804/065/GCA_002804065.1_ASM280406v1"
"Kyrpidia tusciae"	"DSM 2912"	"55"	"GCA_000092905.1"	"complete"	"ftp://ftp.ncbi.nlm.nih.gov/genomes/all/GCA/000/092/905/GCA_000092905.1_ASM9290v1"
"Leptospirillum ferriphilum"	"UBA7384"	""	"GCA_002469705.1"	"draft"	"ftp://ftp.ncbi.nlm.nih.gov/genomes/all/GCA/002/469/705/GCA_002469705.1_ASM246970v1"
"Leptospirillum ferriphilum"	"UBA6676"	""	"GCA_002455035.1"	"draft"	"ftp://ftp.ncbi.nlm.nih.gov/genomes/all/GCA/002/455/035/GCA_002455035.1_ASM245503v1"
"Leptospirillum ferriphilum"	"DSM 14647"	"37"	"GCA_000755505.1"	"draft"	"ftp://ftp.ncbi.nlm.nih.gov/genomes/all/GCA/000/755/505/GCA_000755505.1_ASM75550v1"
"Leptospirillum ferriphilum"	"DX"	"40"	"GCA_002002505.1"	"draft"	"ftp://ftp.ncbi.nlm.nih.gov/genomes/all/GCA/002/002/505/GCA_002002505.1_ASM200250v1"
"Leptospirillum ferriphilum"	"ML-04"	"40"	"GCA_000299235.1"	"complete"	"ftp://ftp.ncbi.nlm.nih.gov/genomes/all/GCA/000/299/235/GCA_000299235.1_ASM29923v1"
"Leptospirillum ferriphilum"	"pb_238"	"33.5"	"GCA_900198525.1"	"draft"	"ftp://ftp.ncbi.nlm.nih.gov/genomes/all/GCA/900/198/525/GCA_900198525.1_LFTS_HGAP3_1"
"Leptospirillum ferriphilum"	"Sp-Cl"	"33.5"	"GCA_001280545.1"	"draft"	"ftp://ftp.ncbi.nlm.nih.gov/genomes/all/GCA/001/280/545/GCA_001280545.1_ASM128054v1"
"Leptospirillum ferriphilum"	"UBA4571"	""	"GCA_002386985.1"	"draft"	"ftp://ftp.ncbi.nlm.nih.gov/genomes/all/GCA/002/386/985/GCA_002386985.1_ASM238698v1"
"Leptospirillum ferriphilum"	"UBA5695"	""	"GCA_002420195.1"	"draft"	"ftp://ftp.ncbi.nlm.nih.gov/genomes/all/GCA/002/420/195/GCA_002420195.1_ASM242019v1"
"Leptospirillum ferriphilum"	"UBA6657"	""	"GCA_002455445.1"	"draft"	"ftp://ftp.ncbi.nlm.nih.gov/genomes/all/GCA/002/455/445/GCA_002455445.1_ASM245544v1"
"Leptospirillum ferriphilum"	"UBA6673"	""	"GCA_002455095.1"	"draft"	"ftp://ftp.ncbi.nlm.nih.gov/genomes/all/GCA/002/455/095/GCA_002455095.1_ASM245509v1"
"Leptospirillum ferriphilum"	"UBA6674"	""	"GCA_002455075.1"	"draft"	"ftp://ftp.ncbi.nlm.nih.gov/genomes/all/GCA/002/455/075/GCA_002455075.1_ASM245507v1"
"Leptospirillum ferriphilum"	"UBA6677"	""	"GCA_002455015.1"	"draft"	"ftp://ftp.ncbi.nlm.nih.gov/genomes/all/GCA/002/455/015/GCA_002455015.1_ASM245501v1"
"Leptospirillum ferriphilum"	"UBA7391"	""	"GCA_002470195.1"	"draft"	"ftp://ftp.ncbi.nlm.nih.gov/genomes/all/GCA/002/470/195/GCA_002470195.1_ASM247019v1"
"Leptospirillum ferriphilum"	"UBA7392"	""	"GCA_002470665.1"	"draft"	"ftp://ftp.ncbi.nlm.nih.gov/genomes/all/GCA/002/470/665/GCA_002470665.1_ASM247066v1"
"Leptospirillum ferriphilum"	"UBA7870"	""	"GCA_002500715.1"	"draft"	"ftp://ftp.ncbi.nlm.nih.gov/genomes/all/GCA/002/500/715/GCA_002500715.1_ASM250071v1"
"Leptospirillum ferriphilum"	"UBA7872"	""	"GCA_002500075.1"	"draft"	"ftp://ftp.ncbi.nlm.nih.gov/genomes/all/GCA/002/500/075/GCA_002500075.1_ASM250007v1"
"Leptospirillum ferriphilum"	"YSK"	"40"	"GCA_000695975.1"	"complete"	"ftp://ftp.ncbi.nlm.nih.gov/genomes/all/GCA/000/695/975/GCA_000695975.1_ASM69597v1"
"Leptospirillum ferriphilum"	"ZJ"	"40"	"GCA_002002665.1"	"draft"	"ftp://ftp.ncbi.nlm.nih.gov/genomes/all/GCA/002/002/665/GCA_002002665.1_ASM200266v1"
"Leptospirillum ferrodiazotrophum"	"UBA3"	"39.5"	"ACNP01000000"	"draft"	""
"Leptospirillum ferrooxidans"	"C2-3"	"30"	"GCA_000284315.1"	"complete"	"ftp://ftp.ncbi.nlm.nih.gov/genomes/all/GCA/000/284/315/GCA_000284315.1_ASM28431v1"
"Leptospirillum rubarum"	"UBA"	"41"	"GCA_000205145.2"	"draft"	"ftp://ftp.ncbi.nlm.nih.gov/genomes/all/GCA/000/205/145/GCA_000205145.2_ASM20514v2"
"Leptospirillum sp."	"YQP-1"	"20"	"GCA_001308895.1"	"draft"	"ftp://ftp.ncbi.nlm.nih.gov/genomes/all/GCA/001/308/895/GCA_001308895.1_ASM130889v1"
"Leptospirillum sp."	"Group IV 'UBA BS'"	"40"	"GCA_000496115.1"	"draft"	"ftp://ftp.ncbi.nlm.nih.gov/genomes/all/GCA/000/496/115/GCA_000496115.1_Leptospirillum_group_IV_UBA_BS"
"Leptospirillum sp."	"Group II CF-1"	"40"	"GCA_001186405.1"	"draft"	"ftp://ftp.ncbi.nlm.nih.gov/genomes/all/GCA/001/186/405/GCA_001186405.1_ASM118640v1"
"Leptospirillum sp."	"Group II 'C75'"	""	"GCA_000262365.1"	"draft"	"ftp://ftp.ncbi.nlm.nih.gov/genomes/all/GCA/000/262/365/GCA_000262365.1_Leptospirillum_GroupII_C75"
"Mancarchaeum acidiphilum (Candidatus)"	"Mia14"	"37"	"GCA_002214165.1"	"complete"	"ftp://ftp.ncbi.nlm.nih.gov/genomes/all/GCA/002/214/165/GCA_002214165.1_ASM221416v1"
"Marsarchaeota archaeon G1 (Candidatus)"	"OSP_B"	"73"	"GCA_003019445.1"	"draft"	"ftp://ftp.ncbi.nlm.nih.gov/genomes/all/GCA/003/019/445/GCA_003019445.1_ASM301944v1"
"Marsarchaeota archaeon G1 (Candidatus)"	"BE_D"	"66"	"GCA_003019595.1"	"draft"	"ftp://ftp.ncbi.nlm.nih.gov/genomes/all/GCA/003/019/595/GCA_003019595.1_ASM301959v1"
"Marsarchaeota archaeon G1 (Candidatus)"	"OSP_D"	"57"	"GCA_003019565.1"	"draft"	"ftp://ftp.ncbi.nlm.nih.gov/genomes/all/GCA/003/019/565/GCA_003019565.1_ASM301956v1"
"Marsarchaeota archaeon G1 (Candidatus)"	"OSP_C"	"65"	"GCA_003019615.1"	"draft"	"ftp://ftp.ncbi.nlm.nih.gov/genomes/all/GCA/003/019/615/GCA_003019615.1_ASM301961v1"
"Marsarchaeota archaeon G2 (Candidatus)"	"ECH_B_SAG-E12"	"66"	"GCA_003019375.1"	"draft"	"ftp://ftp.ncbi.nlm.nih.gov/genomes/all/GCA/003/019/375/GCA_003019375.1_ASM301937v1"
"Marsarchaeota archaeon G2 (Candidatus)"	"ECH_B_SAG-G16"	"66"	"GCA_003019385.1"	"draft"	"ftp://ftp.ncbi.nlm.nih.gov/genomes/all/GCA/003/019/385/GCA_003019385.1_ASM301938v1"
"Marsarchaeota archaeon G2 (Candidatus)"	"ECH_B_SAG-F08"	"66"	"GCA_003019415.1"	"draft"	"ftp://ftp.ncbi.nlm.nih.gov/genomes/all/GCA/003/019/415/GCA_003019415.1_ASM301941v1"
"Marsarchaeota archaeon G2 (Candidatus)"	"ECH_B_3"	"66"	"GCA_003019475.1"	"draft"	"ftp://ftp.ncbi.nlm.nih.gov/genomes/all/GCA/003/019/475/GCA_003019475.1_ASM301947v1"
"Marsarchaeota archaeon G2 (Candidatus)"	"ECH_B_SAG-C16"	"66"	"GCA_003019485.1"	"draft"	"ftp://ftp.ncbi.nlm.nih.gov/genomes/all/GCA/003/019/485/GCA_003019485.1_ASM301948v1"
"Marsarchaeota archaeon G2 (Candidatus)"	"ECH_B_2"	"66"	"GCA_003019515.1"	"draft"	"ftp://ftp.ncbi.nlm.nih.gov/genomes/all/GCA/003/019/515/GCA_003019515.1_ASM301951v1"
"Marsarchaeota archaeon G2 (Candidatus)"	"ECH_B_1"	"66"	"GCA_003019535.1"	"draft"	"ftp://ftp.ncbi.nlm.nih.gov/genomes/all/GCA/003/019/535/GCA_003019535.1_ASM301953v1"
"Marsarchaeota archaeon G2 (Candidatus)"	"OSP_D"	"57"	"GCA_003019545.1"	"draft"	"ftp://ftp.ncbi.nlm.nih.gov/genomes/all/GCA/003/019/545/GCA_003019545.1_ASM301954v1"
"Marsarchaeota archaeon G2 (Candidatus)"	"BE_D"	"66"	"GCA_003019435.1"	"draft"	"ftp://ftp.ncbi.nlm.nih.gov/genomes/all/GCA/003/019/435/GCA_003019435.1_ASM301943v1"
"Marsarchaeota archaeon G2 (Candidatus)"	"ECH_B_SAG-G06"	"66"	"GCA_003019335.1"	"draft"	"ftp://ftp.ncbi.nlm.nih.gov/genomes/all/GCA/003/019/335/GCA_003019335.1_ASM301933v1"
"Marsarchaeota archaeon G2 (Candidatus)"	"ECH_B_SAG-M15"	"66"	"GCA_003019345.1"	"draft"	"ftp://ftp.ncbi.nlm.nih.gov/genomes/all/GCA/003/019/345/GCA_003019345.1_ASM301934v1"
"Metallosphaera cuprina"	"Ar-4"	"65"	"GCA_000204925.1"	"complete"	"ftp://ftp.ncbi.nlm.nih.gov/genomes/all/GCA/000/204/925/GCA_000204925.1_ASM20492v1"
"Metallosphaera hakonensis"	"JCM 8857"	"70"	"GCA_003201675.1"	"draft"	"ftp://ftp.ncbi.nlm.nih.gov/genomes/all/GCA/003/201/675/GCA_003201675.1_ASM320167v1"
"Metallosphaera prunae"	"Ron 12/II"	"75"	"GCA_005222525.1"	"complete"	"ftp://ftp.ncbi.nlm.nih.gov/genomes/all/GCA/005/222/525/GCA_005222525.1_ASM522252v1"
"Metallosphaera sedula"	"CuR1"	"75"	"GCA_000747605.1"	"draft"	"ftp://ftp.ncbi.nlm.nih.gov/genomes/all/GCA/000/747/605/GCA_000747605.1_ASM74760v1"
"Metallosphaera sedula"	"SARC-M1"	"75"	"GCA_001266735.1"	"draft"	"ftp://ftp.ncbi.nlm.nih.gov/genomes/all/GCA/001/266/735/GCA_001266735.1_ASM126673v1"
"Metallosphaera sedula"	"DSM 5348"	"70"	"GCA_000016605.1"	"complete"	"ftp://ftp.ncbi.nlm.nih.gov/genomes/all/GCA/000/016/605/GCA_000016605.1_ASM1660v1"
"Metallosphaera sedula"	"ARS50-2"	"75"	"GCA_001266675.1"	"draft"	"ftp://ftp.ncbi.nlm.nih.gov/genomes/all/GCA/001/266/675/GCA_001266675.1_ASM126667v1"
"Metallosphaera sedula"	"ARS50-1"	"75"	"GCA_001266655.1"	"draft"	"ftp://ftp.ncbi.nlm.nih.gov/genomes/all/GCA/001/266/655/GCA_001266655.1_ASM126665v1"
"Metallosphaera sedula"	"ARS120-2"	""	"GCA_001266715.1"	"draft"	"ftp://ftp.ncbi.nlm.nih.gov/genomes/all/GCA/001/266/715/GCA_001266715.1_ASM126671v1"
"Metallosphaera sedula"	"ARS120-1"	""	"GCA_001266695.1"	"draft"	"ftp://ftp.ncbi.nlm.nih.gov/genomes/all/GCA/001/266/695/GCA_001266695.1_ASM126669v1"
"Metallosphaera sp."	"UBA165"	""	"GCA_002509145.1"	"draft"	"ftp://ftp.ncbi.nlm.nih.gov/genomes/all/GCA/002/509/145/GCA_002509145.1_ASM250914v1"
"Metallosphaera sp."	"My-r02"	""	"2522125033"	"draft"	""
"Metallosphaera yellowstonensis"	"r06"	""	"2551306703"	"draft"	""
"Metallosphaera yellowstonensis"	"r05"	""	"2551306706"	"draft"	""
"Metallosphaera yellowstonensis"	"MK1"	"67.5"	"GCA_000243315.1"	"draft"	"ftp://ftp.ncbi.nlm.nih.gov/genomes/all/GCA/000/243/315/GCA_000243315.1_ASM24331v1"
"Methylacidimicrobium cyclopophantes"	"3B"	"44"	"GCA_902143385.1"	"draft"	"ftp://ftp.ncbi.nlm.nih.gov/genomes/all/GCA/902/143/385/GCA_902143385.2_3B_2"
"Methylacidimicrobium tartarophylax"	"4A"	"38"	"GCA_902143375.1"	"draft"	"ftp://ftp.ncbi.nlm.nih.gov/genomes/all/GCA/902/143/375/GCA_902143375.2_4A_2"
"Methylacidiphilum fumariolicum"	"Fur"	"55"	"GCA_004421195.1"	"draft"	"ftp://ftp.ncbi.nlm.nih.gov/genomes/all/GCA/004/421/195/GCA_004421195.1_ASM442119v1"
"Methylacidiphilum fumariolicum"	"Rib"	"55"	"GCA_004421155.1"	"draft"	"ftp://ftp.ncbi.nlm.nih.gov/genomes/all/GCA/004/421/155/GCA_004421155.1_ASM442115v1"
"Methylacidiphilum fumariolicum"	"Ice"	"55"	"GCA_004421165.1"	"draft"	"ftp://ftp.ncbi.nlm.nih.gov/genomes/all/GCA/004/421/165/GCA_004421165.1_ASM442116v1"
"Methylacidiphilum fumariolicum"	"Fdl"	"55"	"GCA_004421175.1"	"draft"	"ftp://ftp.ncbi.nlm.nih.gov/genomes/all/GCA/004/421/175/GCA_004421175.1_ASM442117v1"
"Methylacidiphilum fumariolicum"	"SolV"	"55"	"GCA_000953475.1"	"draft"	"ftp://ftp.ncbi.nlm.nih.gov/genomes/all/GCA/000/953/475/GCA_000953475.1_MfumSolVChr1"
"Methylacidiphilum infernorum"	"V4"	"60"	"GCA_000019665.1"	"complete"	"ftp://ftp.ncbi.nlm.nih.gov/genomes/all/GCA/000/019/665/GCA_000019665.1_ASM1966v1"
"Methylacidiphilum kamchatkense"	"Kam1"	"55"	"GCA_000817245.1"	"draft"	"ftp://ftp.ncbi.nlm.nih.gov/genomes/all/GCA/000/817/245/GCA_000817245.1_ASM81724v1"
"Methylacidiphilum sp."	"Yel"	"55"	"GCA_004421185.1"	"draft"	"ftp://ftp.ncbi.nlm.nih.gov/genomes/all/GCA/004/421/185/GCA_004421185.1_ASM442118v1"
"Methylacidiphilum sp."	"Phi"	"55"	"GCA_004421255.1"	"draft"	"ftp://ftp.ncbi.nlm.nih.gov/genomes/all/GCA/004/421/255/GCA_004421255.1_ASM442125v1"
"Methyloferula stellata"	"AR4"	"21.5"	"GCA_000385335.1"	"draft"	"ftp://ftp.ncbi.nlm.nih.gov/genomes/all/GCA/000/385/335/GCA_000385335.1_ASM38533v1"
"Methylovirgula ligni"	"BW863"	"22"	"GCA_003387225.1"	"draft"	"ftp://ftp.ncbi.nlm.nih.gov/genomes/all/GCA/003/387/225/GCA_003387225.1_ASM338722v1"
"Methylovirgula sp."	"4M-Z18"	""	"GCA_003400305.1"	"draft"	"ftp://ftp.ncbi.nlm.nih.gov/genomes/all/GCA/003/400/305/GCA_003400305.1_ASM340030v1"
"Micrarchaeum acidiphilum (Candidatus)"	"ARMAN-2"	"38"	"GCA_001889985.1"	"draft"	"ftp://ftp.ncbi.nlm.nih.gov/genomes/all/GCA/001/889/985/GCA_001889985.1_ASM188998v1"
"Micrarchaeum sp. (Candidatus)"	"AZ1"	""	"GCA_001896515.1"	"draft"	"ftp://ftp.ncbi.nlm.nih.gov/genomes/all/GCA/001/896/515/GCA_001896515.1_ASM189651v1"
"Nitrosotalea devanaterra (Candidatus)"	"Nd1"	"25"	"GCA_900065925.1"	"complete"	"ftp://ftp.ncbi.nlm.nih.gov/genomes/all/GCA/900/065/925/GCA_900065925.1_NDEV.embl.gz"
"Nitrosotalea okcheonensis"	"CS"	"25"	"GCA_900177045.1"	"draft"	"ftp://ftp.ncbi.nlm.nih.gov/genomes/all/GCA/900/177/045/GCA_900177045.1_Candidatus_Nitrosotalea_koreensis_CS_whole_genome"
"Occallatibacter savannae"	"AB23"	"34.5"	"GCA_003131205.1"	"draft"	"ftp://ftp.ncbi.nlm.nih.gov/genomes/all/GCA/003/131/205/GCA_003131205.1_ASM313120v1"
"Parvarchaeum acidiphilum (Candidatus)"	"ARMAN-4"	"41"	"ADCE00000000"	"draft"	""
"Parvarchaeum acidophilus (Candidatus)"	"ARMAN-5"	"38"	"GCA_000192615.1"	"draft"	"ftp://ftp.ncbi.nlm.nih.gov/genomes/all/GCA/000/192/615/GCA_000192615.1_ASM19261v1"
"Peptococcaceae bacterium"	"CEB3"	"30"	"GCA_001029295.1"	"draft"	"ftp://ftp.ncbi.nlm.nih.gov/genomes/all/GCA/001/029/295/GCA_001029295.1_ASM102929v1"
"Picrophilus oshimae"	"DSM 9789"	"60"	"GCA_900176435.1"	"draft"	"ftp://ftp.ncbi.nlm.nih.gov/genomes/all/GCA/900/176/435/GCA_900176435.1_IMG-taxon_2579779151_annotated_assembly"
"Picrophilus torridus"	"DSM 9790"	"60"	"GCA_000008265.1"	"complete"	"ftp://ftp.ncbi.nlm.nih.gov/genomes/all/GCA/000/008/265/GCA_000008265.1_ASM826v1"
"Pseudomonas fluorescens"	"Pt14"	""	"GCA_001747385.1"	"complete"	"ftp://ftp.ncbi.nlm.nih.gov/genomes/all/GCA/001/747/385/GCA_001747385.1_ASM174738v1"
"Pyrodictium delaneyi"	"Su06"	"91"	"GCA_001412615.1"	"complete"	"ftp://ftp.ncbi.nlm.nih.gov/genomes/all/GCA/001/412/615/GCA_001412615.1_ASM141261v1"
"Rhodanobacter aciditrophus"	"sjH1"	"27.5"	""	"draft"	""
"Rhodanobacter sp."	"FW510-R12"	"22.5"	"GCA_001617425.1"	"draft"	"ftp://ftp.ncbi.nlm.nih.gov/genomes/all/GCA/001/617/425/GCA_001617425.1_ASM161742v1"
"Rhodanobacter sp."	"FW501-T8"	"22.5"	"GCA_001617375.1"	"draft"	"ftp://ftp.ncbi.nlm.nih.gov/genomes/all/GCA/001/617/375/GCA_001617375.1_Rhodanobacter_sp._FW501-T8"
"Rhodanobacter sp."	"OR92"	"27"	"2510065060"	"draft"	""
"Rhodanobacter sp."	"OR87"	"27"	"2510065087"	"draft"	""
"Rhodanobacter sp."	"FW510-R10"	"22.5"	"GCA_001617435.1"	"draft"	"ftp://ftp.ncbi.nlm.nih.gov/genomes/all/GCA/001/617/435/GCA_001617435.1_ASM161743v1"
"Rhodopila globiformis"	"DSM 161"	"25"	"GCA_002937115.1"	"draft"	"ftp://ftp.ncbi.nlm.nih.gov/genomes/all/GCA/002/937/115/GCA_002937115.1_ASM293711v1"
"Rhodopila sp."	"LVNP"	""	"2684622831"	"draft"	""
"Rhodoplanes sp."	"JGI PP 4-K5"	"23"	"2663763598"	"draft"	""
"Rhodoplanes sp."	"JGI PP 4-B12"	"23"	"GCA_900188135.1"	"draft"	"ftp://ftp.ncbi.nlm.nih.gov/genomes/all/GCA/900/188/135/GCA_900188135.1_IMG-taxon_2675903048_annotated_assembly"
"Rhodoplanes sp."	"JGI PP 4-N16"	"23"	"2684622834"	"draft"	""
"Saccharolobus solfataricus"	"SULA"	"80"	"GCA_000968435.2"	"draft"	"ftp://ftp.ncbi.nlm.nih.gov/genomes/all/GCA/000/968/435/GCA_000968435.2_ASM96843v2"
"Saccharolobus solfataricus"	"SARC-H"	"80"	"GCA_003852195.1"	"complete"	"ftp://ftp.ncbi.nlm.nih.gov/genomes/all/GCA/003/852/195/GCA_003852195.1_ASM385219v1"
"Saccharolobus solfataricus"	"SARC-N"	"80"	"GCA_003852175.1"	"complete"	"ftp://ftp.ncbi.nlm.nih.gov/genomes/all/GCA/003/852/175/GCA_003852175.1_ASM385217v1"
"Saccharolobus solfataricus"	"98/2 SULC"	"80"	"GCA_000968395.2"	"draft"	"ftp://ftp.ncbi.nlm.nih.gov/genomes/all/GCA/000/968/395/GCA_000968395.2_ASM96839v2"
"Saccharolobus solfataricus"	"98/2"	"80"	"GCA_000024745.1"	"complete"	"ftp://ftp.ncbi.nlm.nih.gov/genomes/all/GCA/000/024/745/GCA_000024745.1_ASM2474v1"
"Saccharolobus solfataricus"	"SUL120"	"80"	"GCA_003852115.1"	"complete"	"ftp://ftp.ncbi.nlm.nih.gov/genomes/all/GCA/003/852/115/GCA_003852115.1_ASM385211v1"
"Saccharolobus solfataricus"	"SARC-I"	"80"	"GCA_003852215.1"	"complete"	"ftp://ftp.ncbi.nlm.nih.gov/genomes/all/GCA/003/852/215/GCA_003852215.1_ASM385221v1"
"Saccharolobus solfataricus"	"SULM"	"80"	"GCA_003852155.1"	"complete"	"ftp://ftp.ncbi.nlm.nih.gov/genomes/all/GCA/003/852/155/GCA_003852155.1_ASM385215v1"
"Saccharolobus solfataricus"	"SULG"	"80"	"GCA_003852135.1"	"complete"	"ftp://ftp.ncbi.nlm.nih.gov/genomes/all/GCA/003/852/135/GCA_003852135.1_ASM385213v1"
"Saccharolobus solfataricus"	"SARC-O"	"80"	"GCA_003852095.1"	"complete"	"ftp://ftp.ncbi.nlm.nih.gov/genomes/all/GCA/003/852/095/GCA_003852095.1_ASM385209v1"
"Saccharolobus solfataricus"	"P1"	"78"	"GCA_900079115.1"	"draft"	"ftp://ftp.ncbi.nlm.nih.gov/genomes/all/GCA/900/079/115/GCA_900079115.1_SSOP1"
"Saccharolobus solfataricus"	"P2"	"78"	"GCA_000007005.1"	"complete"	"ftp://ftp.ncbi.nlm.nih.gov/genomes/all/GCA/000/007/005/GCA_000007005.1_ASM700v1"
"Saccharolobus solfataricus"	"SULB"	"80"	"GCA_000968355.2"	"draft"	"ftp://ftp.ncbi.nlm.nih.gov/genomes/all/GCA/000/968/355/GCA_000968355.2_ASM96835v2"
"Silvibacterium bohemicum"	"S15"	"23"	"GCA_001006305.1"	"draft"	"ftp://ftp.ncbi.nlm.nih.gov/genomes/all/GCA/001/006/305/GCA_001006305.1_ASM100630v1"
"Solibacter usitatus (Candidatus)"	"Ellin6076"	""	"GCA_000014905.1"	"complete"	"ftp://ftp.ncbi.nlm.nih.gov/genomes/all/GCA/000/014/905/GCA_000014905.1_ASM1490v1"
"Sphingomonadales bacterium"	"39-62-4"	"4.2"	"GCA_002256875.1"	"draft"	"ftp://ftp.ncbi.nlm.nih.gov/genomes/all/GCA/002/256/875/GCA_002256875.1_ASM225687v1"
"Sphingomonadales bacterium"	"35-56-22"	"4.2"	"GCA_002281235.1"	"draft"	"ftp://ftp.ncbi.nlm.nih.gov/genomes/all/GCA/002/281/235/GCA_002281235.1_ASM228123v1"
"Sphingomonadales bacterium"	"39-57-19"	"4.2"	"GCA_002282385.1"	"draft"	"ftp://ftp.ncbi.nlm.nih.gov/genomes/all/GCA/002/282/385/GCA_002282385.1_ASM228238v1"
"Sphingomonas sp."	"32-66-10"	"15.27"	"GCA_002280565.1"	"draft"	"ftp://ftp.ncbi.nlm.nih.gov/genomes/all/GCA/002/280/565/GCA_002280565.1_ASM228056v1"
"Sphingomonas sp."	"28-63-12"	"4.2"	"GCA_002281535.1"	"draft"	"ftp://ftp.ncbi.nlm.nih.gov/genomes/all/GCA/002/281/535/GCA_002281535.1_ASM228153v1"
"Sphingomonas sp."	"28-62-20"	"4.2"	"GCA_002281505.1"	"draft"	"ftp://ftp.ncbi.nlm.nih.gov/genomes/all/GCA/002/281/505/GCA_002281505.1_ASM228150v1"
"Sphingomonas sp."	"28-66-16"	"4.2"	"GCA_002281485.1"	"draft"	"ftp://ftp.ncbi.nlm.nih.gov/genomes/all/GCA/002/281/485/GCA_002281485.1_ASM228148v1"
"Sphingomonas sp."	"32-62-10"	"4.2"	"GCA_002280555.1"	"draft"	"ftp://ftp.ncbi.nlm.nih.gov/genomes/all/GCA/002/280/555/GCA_002280555.1_ASM228055v1"
"Sphingomonas sp."	"12-62-6"	"4.2"	"GCA_002279655.1"	"draft"	"ftp://ftp.ncbi.nlm.nih.gov/genomes/all/GCA/002/279/655/GCA_002279655.1_ASM227965v1"
"Sphingomonas sp."	"28-62-11"	"4.2"	"GCA_002278865.1"	"draft"	"ftp://ftp.ncbi.nlm.nih.gov/genomes/all/GCA/002/278/865/GCA_002278865.1_ASM227886v1"
"Stenotrophomonas sp."	"14-69-23"	"15.27"	"GCA_002282775.1"	"draft"	"ftp://ftp.ncbi.nlm.nih.gov/genomes/all/GCA/002/282/775/GCA_002282775.1_ASM228277v1"
"Streptacidiphilus albus"	"JL83"	"17.5"	"GCA_000744705.1"	"draft"	"ftp://ftp.ncbi.nlm.nih.gov/genomes/all/GCA/000/744/705/GCA_000744705.1_ASM74470v1"
"Streptacidiphilus carbonis"	"NBRC 100919"	"22.5"	"GCA_000787775.1"	"draft"	"ftp://ftp.ncbi.nlm.nih.gov/genomes/all/GCA/000/787/775/GCA_000787775.1_ASM78777v1"
"Streptacidiphilus jiangxiensis"	"NBRC 100920"	"25"	"GCA_000787795.1"	"draft"	"ftp://ftp.ncbi.nlm.nih.gov/genomes/all/GCA/000/787/795/GCA_000787795.1_ASM78779v1"
"Streptacidiphilus neutrinimicus"	"NBRC 100921"	"17.5"	"GCA_000787815.1"	"draft"	"ftp://ftp.ncbi.nlm.nih.gov/genomes/all/GCA/000/787/815/GCA_000787815.1_ASM78781v1"
"Streptacidiphilus oryzae"	"TH49 = 107.79"	"31.5"	"GCA_000744815.1"	"draft"	"ftp://ftp.ncbi.nlm.nih.gov/genomes/all/GCA/000/744/815/GCA_000744815.1_ASM74481v1"
"Streptomyces puniciscabiei"	"TW1S1"	"30"	"GCA_001735805.1"	"draft"	"ftp://ftp.ncbi.nlm.nih.gov/genomes/all/GCA/001/735/805/GCA_001735805.1_ASM173580v1"
"Sulfobacillus acidophilus"	"DSM 10332 = NAL"	"48"	"GCA_000237975.1"	"complete"	"ftp://ftp.ncbi.nlm.nih.gov/genomes/all/GCA/000/237/975/GCA_000237975.1_ASM23797v1"
"Sulfobacillus acidophilus"	"TPY"	"48"	"GCA_000219855.1"	"complete"	"ftp://ftp.ncbi.nlm.nih.gov/genomes/all/GCA/000/219/855/GCA_000219855.1_ASM21985v1"
"Sulfobacillus acidophilus"	"AMDSBA3"	"38"	"GCA_003023745.1"	"draft"	"ftp://ftp.ncbi.nlm.nih.gov/genomes/all/GCA/003/023/745/GCA_003023745.1_ASM302374v1"
"Sulfobacillus benefaciens"	"AMDSBA4"	"38"	"GCA_003023695.1"	"draft"	"ftp://ftp.ncbi.nlm.nih.gov/genomes/all/GCA/003/023/695/GCA_003023695.1_ASM302369v1"
"Sulfobacillus benefaciens"	"AMDSBA1"	"38"	"GCA_003023725.1"	"draft"	"ftp://ftp.ncbi.nlm.nih.gov/genomes/all/GCA/003/023/725/GCA_003023725.1_ASM302372v1"
"Sulfobacillus sp."	"hq2"	""	"GCA_002903155.1"	"draft"	"ftp://ftp.ncbi.nlm.nih.gov/genomes/all/GCA/002/903/155/GCA_002903155.1_ASM290315v1"
"Sulfobacillus thermosulfidooxidans"	"CBAR13"	"41"	"GCA_001280565.1"	"draft"	"ftp://ftp.ncbi.nlm.nih.gov/genomes/all/GCA/001/280/565/GCA_001280565.1_ASS.CBAR13.1"
"Sulfobacillus thermosulfidooxidans"	"AMDSBA2"	"38"	"GCA_003023685.1"	"draft"	"ftp://ftp.ncbi.nlm.nih.gov/genomes/all/GCA/003/023/685/GCA_003023685.1_ASM302368v1"
"Sulfobacillus thermosulfidooxidans"	"AMDSBA5"	"38"	"GCA_003023625.1"	"draft"	"ftp://ftp.ncbi.nlm.nih.gov/genomes/all/GCA/003/023/625/GCA_003023625.1_ASM302362v1"
"Sulfobacillus thermosulfidooxidans"	"AT-1 = DSM 9293"	"51"	"GCA_900176145.1"	"draft"	"ftp://ftp.ncbi.nlm.nih.gov/genomes/all/GCA/900/176/145/GCA_900176145.1_IMG-taxon_2506210005_annotated_assembly"
"Sulfobacillus thermosulfidooxidans"	"Cutipay"	"45"	"GCA_000294425.1"	"draft"	"ftp://ftp.ncbi.nlm.nih.gov/genomes/all/GCA/000/294/425/GCA_000294425.1_ASM29442v1"
"Sulfobacillus thermosulfidooxidans"	"DX"	"45"	"GCA_001953285.1"	"draft"	"ftp://ftp.ncbi.nlm.nih.gov/genomes/all/GCA/001/953/285/GCA_001953285.1_ASM195328v1"
"Sulfobacillus thermosulfidooxidans"	"ST"	"45"	"GCA_000497695.1"	"draft"	"ftp://ftp.ncbi.nlm.nih.gov/genomes/all/GCA/000/497/695/GCA_000497695.1_SulTherST"
"Sulfobacillus thermosulfidooxidans"	"ZBY"	"45"	"GCA_001953275.1"	"draft"	"ftp://ftp.ncbi.nlm.nih.gov/genomes/all/GCA/001/953/275/GCA_001953275.1_ASM195327v1"
"Sulfobacillus thermosulfidooxidans"	"ZJ"	"45"	"GCA_001953295.1"	"draft"	"ftp://ftp.ncbi.nlm.nih.gov/genomes/all/GCA/001/953/295/GCA_001953295.1_ASM195329v1"
"Sulfolobales archaeon"	"AZ1"	"65"	"ASRH00000000"	"draft"	""
"Sulfolobales MK5"	"MK5 r01"	"70"	"2551306705"	"draft"	""
"Sulfolobales sp."	"HSU1"	""	"2514885038"	"draft"	""
"Sulfolobus acidocaldarius"	"GG12-C01-21"	"80.4"	"GCA_001560285.1"	"draft"	"ftp://ftp.ncbi.nlm.nih.gov/genomes/all/GCA/001/560/285/GCA_001560285.1_GG12_C01_21"
"Sulfolobus acidocaldarius"	"NG05B_CO5_09"	"58.2"	"GCA_001560715.1"	"draft"	"ftp://ftp.ncbi.nlm.nih.gov/genomes/all/GCA/001/560/715/GCA_001560715.1_NG05B_CO5_09"
"Sulfolobus acidocaldarius"	"DG1 = ATCC 49426"	"75"	"GCA_002215565.1"	"complete"	"ftp://ftp.ncbi.nlm.nih.gov/genomes/all/GCA/002/215/565/GCA_002215565.1_ASM221556v1"
"Sulfolobus acidocaldarius"	"DSM 639"	"70"	"GCA_000012285.1"	"complete"	"ftp://ftp.ncbi.nlm.nih.gov/genomes/all/GCA/000/012/285/GCA_000012285.1_ASM1228v1"
"Sulfolobus acidocaldarius"	"GG12-C01-01"	"80.4"	"GCA_001559955.1"	"draft"	"ftp://ftp.ncbi.nlm.nih.gov/genomes/all/GCA/001/559/955/GCA_001559955.1_GG12_C01_01"
"Sulfolobus acidocaldarius"	"GG12-C01-02"	"80.4"	"GCA_001559975.1"	"draft"	"ftp://ftp.ncbi.nlm.nih.gov/genomes/all/GCA/001/559/975/GCA_001559975.1_GG12_C01_02"
"Sulfolobus acidocaldarius"	"GG12-C01-03"	"80.4"	"GCA_001559965.1"	"draft"	"ftp://ftp.ncbi.nlm.nih.gov/genomes/all/GCA/001/559/965/GCA_001559965.1_GG12_C01_03"
"Sulfolobus acidocaldarius"	"GG12-C01-04"	"80.4"	"GCA_001559985.1"	"draft"	"ftp://ftp.ncbi.nlm.nih.gov/genomes/all/GCA/001/559/985/GCA_001559985.1_GG12_C01_04"
"Sulfolobus acidocaldarius"	"GG12-C01-05"	"80.4"	"GCA_001560035.1"	"draft"	"ftp://ftp.ncbi.nlm.nih.gov/genomes/all/GCA/001/560/035/GCA_001560035.1_GG12_C01_05"
"Sulfolobus acidocaldarius"	"GG12-C01-07"	"80.4"	"GCA_001560045.1"	"draft"	"ftp://ftp.ncbi.nlm.nih.gov/genomes/all/GCA/001/560/045/GCA_001560045.1_GG12_C01_07"
"Sulfolobus acidocaldarius"	"GG12-C01-08"	"80.4"	"GCA_001560065.1"	"draft"	"ftp://ftp.ncbi.nlm.nih.gov/genomes/all/GCA/001/560/065/GCA_001560065.1_GG12_C01_08"
"Sulfolobus acidocaldarius"	"GG12-C01-09"	"80.4"	"GCA_001481595.1"	"draft"	"ftp://ftp.ncbi.nlm.nih.gov/genomes/all/GCA/001/481/595/GCA_001481595.1_ASM148159v1"
"Sulfolobus acidocaldarius"	"GG12-C01-10"	"80.4"	"GCA_001560085.1"	"draft"	"ftp://ftp.ncbi.nlm.nih.gov/genomes/all/GCA/001/560/085/GCA_001560085.1_GG12_C01_10"
"Sulfolobus acidocaldarius"	"GG12-C01-11"	"80.4"	"GCA_001560115.1"	"draft"	"ftp://ftp.ncbi.nlm.nih.gov/genomes/all/GCA/001/560/115/GCA_001560115.1_GG12_C01_11"
"Sulfolobus acidocaldarius"	"GG12-C01-12"	"80.4"	"GCA_001560125.1"	"draft"	"ftp://ftp.ncbi.nlm.nih.gov/genomes/all/GCA/001/560/125/GCA_001560125.1_GG12_C01_12"
"Sulfolobus acidocaldarius"	"GG12-C01-13"	"80.4"	"GCA_001560135.1"	"draft"	"ftp://ftp.ncbi.nlm.nih.gov/genomes/all/GCA/001/560/135/GCA_001560135.1_GG12_C01_13"
"Sulfolobus acidocaldarius"	"GG12-C01-14"	"80.4"	"GCA_001560165.1"	"draft"	"ftp://ftp.ncbi.nlm.nih.gov/genomes/all/GCA/001/560/165/GCA_001560165.1_GG12_C01_14"
"Sulfolobus acidocaldarius"	"GG12-C01-15"	"80.4"	"GCA_001560195.1"	"draft"	"ftp://ftp.ncbi.nlm.nih.gov/genomes/all/GCA/001/560/195/GCA_001560195.1_GG12_C01_15"
"Sulfolobus acidocaldarius"	"GG12-C01-16"	"80.4"	"GCA_001560205.1"	"draft"	"ftp://ftp.ncbi.nlm.nih.gov/genomes/all/GCA/001/560/205/GCA_001560205.1_GG12_C01_16"
"Sulfolobus acidocaldarius"	"GG12-C01-17"	"80.4"	"GCA_001560215.1"	"draft"	"ftp://ftp.ncbi.nlm.nih.gov/genomes/all/GCA/001/560/215/GCA_001560215.1_GG12_C01_17"
"Sulfolobus acidocaldarius"	"GG12-C01-18"	"80.4"	"GCA_001560245.1"	"draft"	"ftp://ftp.ncbi.nlm.nih.gov/genomes/all/GCA/001/560/245/GCA_001560245.1_GG12_C01_18"
"Sulfolobus acidocaldarius"	"GG12-C01-20"	"80.4"	"GCA_001560275.1"	"draft"	"ftp://ftp.ncbi.nlm.nih.gov/genomes/all/GCA/001/560/275/GCA_001560275.1_GG12_C01_20"
"Sulfolobus acidocaldarius"	"GG12-C01-22"	"80.4"	"GCA_001560305.1"	"draft"	"ftp://ftp.ncbi.nlm.nih.gov/genomes/all/GCA/001/560/305/GCA_001560305.1_GG12_C01_22"
"Sulfolobus acidocaldarius"	"N8"	"80"	"GCA_000340315.1"	"complete"	"ftp://ftp.ncbi.nlm.nih.gov/genomes/all/GCA/000/340/315/GCA_000340315.1_ASM34031v1"
"Sulfolobus acidocaldarius"	"NG05A_C04"	"58.2"	"GCA_001560315.1"	"draft"	"ftp://ftp.ncbi.nlm.nih.gov/genomes/all/GCA/001/560/315/GCA_001560315.1_NG05A_C04"
"Sulfolobus acidocaldarius"	"NG05A_C05_01"	"58.2"	"GCA_001560355.1"	"draft"	"ftp://ftp.ncbi.nlm.nih.gov/genomes/all/GCA/001/560/355/GCA_001560355.1_NG05A_C05_01"
"Sulfolobus acidocaldarius"	"NG05B_C03_01"	"58.2"	"GCA_001560375.1"	"draft"	"ftp://ftp.ncbi.nlm.nih.gov/genomes/all/GCA/001/560/375/GCA_001560375.1_NG05B_C03_01"
"Sulfolobus acidocaldarius"	"NG05B_C06_02"	"58.2"	"GCA_001560385.1"	"draft"	"ftp://ftp.ncbi.nlm.nih.gov/genomes/all/GCA/001/560/385/GCA_001560385.1_NG05B_C06_02"
"Sulfolobus acidocaldarius"	"NG05B_C06_03"	"58.2"	"GCA_001560405.1"	"draft"	"ftp://ftp.ncbi.nlm.nih.gov/genomes/all/GCA/001/560/405/GCA_001560405.1_NG05B_C06_03"
"Sulfolobus acidocaldarius"	"NG05B_C06_04"	"58.2"	"GCA_001560435.1"	"draft"	"ftp://ftp.ncbi.nlm.nih.gov/genomes/all/GCA/001/560/435/GCA_001560435.1_NG05B_C06_04"
"Sulfolobus acidocaldarius"	"NG05B_C06_05"	"58.2"	"GCA_001560455.1"	"draft"	"ftp://ftp.ncbi.nlm.nih.gov/genomes/all/GCA/001/560/455/GCA_001560455.1_NG05B_C06_05"
"Sulfolobus acidocaldarius"	"NG05B_C06_06"	"58.2"	"GCA_001560465.1"	"draft"	"ftp://ftp.ncbi.nlm.nih.gov/genomes/all/GCA/001/560/465/GCA_001560465.1_NG05B_C06_06"
"Sulfolobus acidocaldarius"	"NG05B_C06_07"	"58.2"	"GCA_001560485.1"	"draft"	"ftp://ftp.ncbi.nlm.nih.gov/genomes/all/GCA/001/560/485/GCA_001560485.1_NG05B_C06_07"
"Sulfolobus acidocaldarius"	"NG05B_C06_11"	"58.2"	"GCA_001560515.1"	"draft"	"ftp://ftp.ncbi.nlm.nih.gov/genomes/all/GCA/001/560/515/GCA_001560515.1_NG05B_C06_11"
"Sulfolobus acidocaldarius"	"NG05B_C06_12"	"58.2"	"GCA_001560525.1"	"draft"	"ftp://ftp.ncbi.nlm.nih.gov/genomes/all/GCA/001/560/525/GCA_001560525.1_NG05B_C06_12"
"Sulfolobus acidocaldarius"	"NG05B_C06_13"	"58.2"	"GCA_001560555.1"	"draft"	"ftp://ftp.ncbi.nlm.nih.gov/genomes/all/GCA/001/560/555/GCA_001560555.1_NG05B_C06_13"
"Sulfolobus acidocaldarius"	"NG05B_CO5_01"	"58.2"	"GCA_001560565.1"	"draft"	"ftp://ftp.ncbi.nlm.nih.gov/genomes/all/GCA/001/560/565/GCA_001560565.1_NG05B_CO5_01"
"Sulfolobus acidocaldarius"	"NG05B_CO5_02"	"58.2"	"GCA_001560595.1"	"draft"	"ftp://ftp.ncbi.nlm.nih.gov/genomes/all/GCA/001/560/595/GCA_001560595.1_NG05B_CO5_02"
"Sulfolobus acidocaldarius"	"NG05B_CO5_03"	"58.2"	"GCA_001560605.1"	"draft"	"ftp://ftp.ncbi.nlm.nih.gov/genomes/all/GCA/001/560/605/GCA_001560605.1_NG05B_CO5_03"
"Sulfolobus acidocaldarius"	"NG05B_CO5_04"	"58.2"	"GCA_001560635.1"	"draft"	"ftp://ftp.ncbi.nlm.nih.gov/genomes/all/GCA/001/560/635/GCA_001560635.1_NG05B_CO5_04"
"Sulfolobus acidocaldarius"	"NG05B_CO5_05"	"58.2"	"GCA_001560645.1"	"draft"	"ftp://ftp.ncbi.nlm.nih.gov/genomes/all/GCA/001/560/645/GCA_001560645.1_NG05B_CO5_05"
"Sulfolobus acidocaldarius"	"NG05B_CO5_06"	"58.2"	"GCA_001560675.1"	"draft"	"ftp://ftp.ncbi.nlm.nih.gov/genomes/all/GCA/001/560/675/GCA_001560675.1_NG05B_CO5_06"
"Sulfolobus acidocaldarius"	"NG05B_CO5_07"	"58.2"	"GCA_001481635.1"	"draft"	"ftp://ftp.ncbi.nlm.nih.gov/genomes/all/GCA/001/481/635/GCA_001481635.1_ASM148163v1"
"Sulfolobus acidocaldarius"	"NG05B_CO5_08"	"58.2"	"GCA_001560685.1"	"draft"	"ftp://ftp.ncbi.nlm.nih.gov/genomes/all/GCA/001/560/685/GCA_001560685.1_NG05B_CO5_08"
"Sulfolobus acidocaldarius"	"Y14 20-20"	""	"GCA_002215445.1"	"complete"	"ftp://ftp.ncbi.nlm.nih.gov/genomes/all/GCA/002/215/445/GCA_002215445.1_ASM221544v1"
"Sulfolobus acidocaldarius"	"Y14 18-5"	""	"GCA_002215405.1"	"complete"	"ftp://ftp.ncbi.nlm.nih.gov/genomes/all/GCA/002/215/405/GCA_002215405.1_ASM221540v1"
"Sulfolobus acidocaldarius"	"Y14 16-22"	""	"GCA_002215485.1"	"complete"	"ftp://ftp.ncbi.nlm.nih.gov/genomes/all/GCA/002/215/485/GCA_002215485.1_ASM221548v1"
"Sulfolobus acidocaldarius"	"Y14 13-1"	""	"GCA_002215525.1"	"complete"	"ftp://ftp.ncbi.nlm.nih.gov/genomes/all/GCA/002/215/525/GCA_002215525.1_ASM221552v1"
"Sulfolobus acidocaldarius"	"SUSAZ"	""	"GCA_000508305.1"	"complete"	"ftp://ftp.ncbi.nlm.nih.gov/genomes/all/GCA/000/508/305/GCA_000508305.1_ASM50830v1"
"Sulfolobus acidocaldarius"	"Ron12/I"	"75"	"GCA_000338775.1"	"complete"	"ftp://ftp.ncbi.nlm.nih.gov/genomes/all/GCA/000/338/775/GCA_000338775.1_ASM33877v1"
"Sulfolobus acidocaldarius"	"NG05B_CO5_15"	"58.2"	"GCA_001560835.1"	"draft"	"ftp://ftp.ncbi.nlm.nih.gov/genomes/all/GCA/001/560/835/GCA_001560835.1_NG05B_CO5_15"
"Sulfolobus acidocaldarius"	"NG05B_CO5_14"	"58.2"	"GCA_001560815.1"	"draft"	"ftp://ftp.ncbi.nlm.nih.gov/genomes/all/GCA/001/560/815/GCA_001560815.1_NG05B_CO5_14"
"Sulfolobus acidocaldarius"	"NG05B_CO5_13"	"58.2"	"GCA_001560795.1"	"draft"	"ftp://ftp.ncbi.nlm.nih.gov/genomes/all/GCA/001/560/795/GCA_001560795.1_NG05B_CO5_13"
"Sulfolobus acidocaldarius"	"NG05B_CO5_12"	"58.2"	"GCA_001560765.1"	"draft"	"ftp://ftp.ncbi.nlm.nih.gov/genomes/all/GCA/001/560/765/GCA_001560765.1_NG05B_CO5_12"
"Sulfolobus acidocaldarius"	"NG05B_CO5_11"	"58.2"	"GCA_001560755.1"	"draft"	"ftp://ftp.ncbi.nlm.nih.gov/genomes/all/GCA/001/560/755/GCA_001560755.1_NG05B_CO5_11"
"Sulfolobus acidocaldarius"	"NG05B_CO5_10"	"58.2"	"GCA_001560725.1"	"draft"	"ftp://ftp.ncbi.nlm.nih.gov/genomes/all/GCA/001/560/725/GCA_001560725.1_NG05B_CO5_10"
"Sulfolobus islandicus"	"HVE10/4"	""	"GCA_000189575.1"	"complete"	"ftp://ftp.ncbi.nlm.nih.gov/genomes/all/GCA/000/189/575/GCA_000189575.1_ASM18957v1"
"Sulfolobus islandicus"	"Y.N.15.51"	"59"	"GCA_000022485.1"	"complete"	"ftp://ftp.ncbi.nlm.nih.gov/genomes/all/GCA/000/022/485/GCA_000022485.1_ASM2248v1"
"Sulfolobus islandicus"	"Y.G.57.14"	"72"	"GCA_000022465.1"	"complete"	"ftp://ftp.ncbi.nlm.nih.gov/genomes/all/GCA/000/022/465/GCA_000022465.1_ASM2246v1"
"Sulfolobus islandicus"	"REY15A"	""	"GCA_000189555.1"	"complete"	"ftp://ftp.ncbi.nlm.nih.gov/genomes/all/GCA/000/189/555/GCA_000189555.1_ASM18955v1"
"Sulfolobus islandicus"	"M.16.47"	"76.5"	"GCA_000245275.2"	"draft"	"ftp://ftp.ncbi.nlm.nih.gov/genomes/all/GCA/000/245/275/GCA_000245275.2_ASM24527v2"
"Sulfolobus islandicus"	"M.16.46"	"76.5"	"GCA_000245255.2"	"draft"	"ftp://ftp.ncbi.nlm.nih.gov/genomes/all/GCA/000/245/255/GCA_000245255.2_ASM24525v2"
"Sulfolobus islandicus"	"M.16.43"	"76.5"	"GCA_000245235.2"	"draft"	"ftp://ftp.ncbi.nlm.nih.gov/genomes/all/GCA/000/245/235/GCA_000245235.2_ASM24523v2"
"Sulfolobus islandicus"	"M.16.40"	"76.5"	"GCA_000245215.2"	"draft"	"ftp://ftp.ncbi.nlm.nih.gov/genomes/all/GCA/000/245/215/GCA_000245215.2_ASM24521v2"
"Sulfolobus islandicus"	"M.16.4"	"76.5"	"GCA_000022445.1"	"complete"	"ftp://ftp.ncbi.nlm.nih.gov/genomes/all/GCA/000/022/445/GCA_000022445.1_ASM2244v1"
"Sulfolobus islandicus"	"M.16.30"	"76.5"	"GCA_000245195.2"	"draft"	"ftp://ftp.ncbi.nlm.nih.gov/genomes/all/GCA/000/245/195/GCA_000245195.2_ASM24519v2"
"Sulfolobus islandicus"	"M.16.27"	"76.5"	"GCA_000022425.1"	"complete"	"ftp://ftp.ncbi.nlm.nih.gov/genomes/all/GCA/000/022/425/GCA_000022425.1_ASM2242v1"
"Sulfolobus islandicus"	"M.16.23"	"76.5"	"GCA_000245175.2"	"draft"	"ftp://ftp.ncbi.nlm.nih.gov/genomes/all/GCA/000/245/175/GCA_000245175.2_ASM24517v2"
"Sulfolobus islandicus"	"M.16.22"	"76.5"	"GCA_000245155.2"	"draft"	"ftp://ftp.ncbi.nlm.nih.gov/genomes/all/GCA/000/245/155/GCA_000245155.2_ASM24515v2"
"Sulfolobus islandicus"	"M.16.2"	"76.5"	"GCA_000245095.2"	"draft"	"ftp://ftp.ncbi.nlm.nih.gov/genomes/all/GCA/000/245/095/GCA_000245095.2_ASM24509v2"
"Sulfolobus islandicus"	"SCGC AB-777_J04"	"83"	"GCA_003086455.1"	"draft"	"ftp://ftp.ncbi.nlm.nih.gov/genomes/all/GCA/003/086/455/GCA_003086455.1_ASM308645v1"
"Sulfolobus islandicus"	"M.16.13"	"76.5"	"GCA_000245135.2"	"draft"	"ftp://ftp.ncbi.nlm.nih.gov/genomes/all/GCA/000/245/135/GCA_000245135.2_ASM24513v2"
"Sulfolobus islandicus"	"M.16.12"	"76.5"	"GCA_000245115.2"	"draft"	"ftp://ftp.ncbi.nlm.nih.gov/genomes/all/GCA/000/245/115/GCA_000245115.2_ASM24511v2"
"Sulfolobus islandicus"	"M.14.25"	"91"	"GCA_000022405.1"	"complete"	"ftp://ftp.ncbi.nlm.nih.gov/genomes/all/GCA/000/022/405/GCA_000022405.1_ASM2240v1"
"Sulfolobus islandicus"	"LAL14/1"	""	"GCA_000364745.1"	"complete"	"ftp://ftp.ncbi.nlm.nih.gov/genomes/all/GCA/000/364/745/GCA_000364745.1_ASM36474v1"
"Sulfolobus islandicus"	"L.S.2.15"	"78"	"GCA_000022385.1"	"complete"	"ftp://ftp.ncbi.nlm.nih.gov/genomes/all/GCA/000/022/385/GCA_000022385.1_ASM2238v1"
"Sulfolobus islandicus"	"L.D.8.5"	"78"	"GCA_000024305.1"	"complete"	"ftp://ftp.ncbi.nlm.nih.gov/genomes/all/GCA/000/024/305/GCA_000024305.1_ASM2430v1"
"Sulfolobus metallicus"	"JCM 9184"	"65"	"GCA_001316045.1"	"draft"	"ftp://ftp.ncbi.nlm.nih.gov/genomes/all/GCA/001/316/045/GCA_001316045.1_ASM131604v1"
"Sulfolobus sp."	"A20"	"80"	"GCA_001719125.1"	"draft"	"ftp://ftp.ncbi.nlm.nih.gov/genomes/all/GCA/001/719/125/GCA_001719125.1_ASM171912v1"
"Sulfolobus sp."	"JCM 16833"	"60"	"GCA_001316085.1"	"draft"	"ftp://ftp.ncbi.nlm.nih.gov/genomes/all/GCA/001/316/085/GCA_001316085.1_ASM131608v1"
"Sulfolobus sp."	"UBA167"	""	"GCA_002495845.1"	"draft"	"ftp://ftp.ncbi.nlm.nih.gov/genomes/all/GCA/002/495/845/GCA_002495845.1_ASM249584v1"
"Sulfolobus sp."	"SCGC_777_G05"	"83"	"GCA_003086385.1"	"draft"	"ftp://ftp.ncbi.nlm.nih.gov/genomes/all/GCA/003/086/385/GCA_003086385.1_ASM308638v1"
"Sulfolobus sp."	"SCGC_777_G06"	"83"	"GCA_003086555.1"	"draft"	"ftp://ftp.ncbi.nlm.nih.gov/genomes/all/GCA/003/086/555/GCA_003086555.1_ASM308655v1"
"Sulfolobus sp."	"SCGC_777_L09"	"83"	"GCA_003086375.1"	"draft"	"ftp://ftp.ncbi.nlm.nih.gov/genomes/all/GCA/003/086/375/GCA_003086375.1_ASM308637v1"
"Sulfopaludibacter sp. (Candidatus)"	"SbA3"	"14"	"GCA_900290305.1"	"draft"	"ftp://ftp.ncbi.nlm.nih.gov/genomes/all/GCA/900/290/305/GCA_900290305.1_SbA4"
"Sulfopaludibacter sp. (Candidatus)"	"SbA6"	"14"	"GCA_900290325.1"	"draft"	"ftp://ftp.ncbi.nlm.nih.gov/genomes/all/GCA/900/290/325/GCA_900290325.1_SbA6"
"Sulfopaludibacter sp. (Candidatus)"	"SbA4"	"14"	"GCA_900290315.1"	"draft"	"ftp://ftp.ncbi.nlm.nih.gov/genomes/all/GCA/900/290/315/GCA_900290315.1_SbA3"
"Sulfotelmatobacter kueseliae (Candidatus)"	"SbA1"	"14"	"GCA_900290255.1"	"draft"	"ftp://ftp.ncbi.nlm.nih.gov/genomes/all/GCA/900/290/255/GCA_900290255.1_SbA1"
"Sulfotelmatobacter sp. (Candidatus)"	"SbA7"	"14"	"GCA_900290225.1"	"draft"	"ftp://ftp.ncbi.nlm.nih.gov/genomes/all/GCA/900/290/225/GCA_900290225.1_SbA7"
"Sulfotelmatomonas gaucii (Candidatus)"	"SbA5"	"14"	"GCA_900290245.1"	"draft"	"ftp://ftp.ncbi.nlm.nih.gov/genomes/all/GCA/900/290/245/GCA_900290245.1_SbA5"
"Sulfuricurvum sp."	"24-42-5"	"15.27"	"GCA_002257125.1"	"draft"	"ftp://ftp.ncbi.nlm.nih.gov/genomes/all/GCA/002/257/125/GCA_002257125.1_ASM225712v1"
"Sulfuricurvum sp."	"17-40-25"	"15.27"	"GCA_002282015.1"	"draft"	"ftp://ftp.ncbi.nlm.nih.gov/genomes/all/GCA/002/282/015/GCA_002282015.1_ASM228201v1"
"Sulfurisphaera tokodaii"	"7 = JCM 10545"	"80"	"GCA_000011205.1"	"complete"	"ftp://ftp.ncbi.nlm.nih.gov/genomes/all/GCA/000/011/205/GCA_000011205.1_ASM1120v1"
"Sulfurovum sp."	"28-43-6"	"15.27"	"GCA_002281405.1"	"draft"	"ftp://ftp.ncbi.nlm.nih.gov/genomes/all/GCA/002/281/405/GCA_002281405.1_ASM228140v1"
"Sulfurovum sp."	"39-42-12"	"15.27"	"GCA_002282355.1"	"draft"	"ftp://ftp.ncbi.nlm.nih.gov/genomes/all/GCA/002/282/355/GCA_002282355.1_ASM228235v1"
"Sulfurovum sp."	"24-42-9"	"15.27"	"GCA_002281835.1"	"draft"	"ftp://ftp.ncbi.nlm.nih.gov/genomes/all/GCA/002/281/835/GCA_002281835.1_ASM228183v1"
"Sulfurovum sp."	"35-42-20"	"15.27"	"GCA_002281155.1"	"draft"	"ftp://ftp.ncbi.nlm.nih.gov/genomes/all/GCA/002/281/155/GCA_002281155.1_ASM228115v1"
"Sulfurovum sp."	"16-42-52"	"15.27"	"GCA_002281755.1"	"draft"	"ftp://ftp.ncbi.nlm.nih.gov/genomes/all/GCA/002/281/755/GCA_002281755.1_ASM228175v1"
"Sulfurovum sp."	"17-42-90"	"15.27"	"GCA_002256845.1"	"draft"	"ftp://ftp.ncbi.nlm.nih.gov/genomes/all/GCA/002/256/845/GCA_002256845.1_ASM225684v1"
"Terracidiphilus gabretensis"	"S55"	"24"	"GCA_001449115.1"	"draft"	"ftp://ftp.ncbi.nlm.nih.gov/genomes/all/GCA/001/449/115/GCA_001449115.1_ASM144911v1"
"Terriglobus sp."	"TAA 43"	"17.5"	"GCA_000800015.1"	"draft"	"ftp://ftp.ncbi.nlm.nih.gov/genomes/all/GCA/000/800/015/GCA_000800015.1_ASM80001v1"
"Thaumarchaeota archaeon"	"BS1"	"77"	"2502957026"	"draft"	""
"Thaumarchaeota archaeon"	"BS4"	"77"	"2519899514"	"draft"	""
"Thaumarchaeota archaeon"	"BS3"	"77"	"2263082001"	"draft"	""
"Thaumarchaeota archaeon"	"BS2"	"77"	"2263082002"	"draft"	""
"Thermocladium modestius"	"JCM 10088"	"75"	"GCA_001315925.1"	"draft"	"ftp://ftp.ncbi.nlm.nih.gov/genomes/all/GCA/001/315/925/GCA_001315925.1_ASM131592v1"
"Thermocladium sp."	"UBA166"	""	"GCA_002508315.1"	"draft"	"ftp://ftp.ncbi.nlm.nih.gov/genomes/all/GCA/002/508/315/GCA_002508315.1_ASM250831v1"
"Thermocladium sp."	"ECH_B"	"63.5"	"GCA_001516585.1"	"draft"	"ftp://ftp.ncbi.nlm.nih.gov/genomes/all/GCA/001/516/585/GCA_001516585.1_ASM151658v1"
"Thermodesulfobium acidiphilum"	"3127-1"	"55"	"GCA_003057965.1"	"complete"	"ftp://ftp.ncbi.nlm.nih.gov/genomes/all/GCA/003/057/965/GCA_003057965.1_ASM305796v1"
"Thermodesulfobium narugense"	"ARK-09"	""	"GCA_002878095.1"	"draft"	"ftp://ftp.ncbi.nlm.nih.gov/genomes/all/GCA/002/878/095/GCA_002878095.1_ASM287809v1"
"Thermogymnomonas acidicola"	"JCM 13583"	"60"	"GCA_001316105.1"	"draft"	"ftp://ftp.ncbi.nlm.nih.gov/genomes/all/GCA/001/316/105/GCA_001316105.1_ASM131610v1"
"Thermoplasma acidophilum"	"DSM 1728"	"59"	"GCA_000195915.1"	"complete"	"ftp://ftp.ncbi.nlm.nih.gov/genomes/all/GCA/000/195/915/GCA_000195915.1_ASM19591v1"
"Thermoplasma sp."	"Kam2015"	""	"GCA_003205235.1"	"draft"	"ftp://ftp.ncbi.nlm.nih.gov/genomes/all/GCA/003/205/235/GCA_003205235.1_ASM320523v1"
"Thermoplasmatales archaeon"	"UBA579"	""	"GCA_002497625.1"	"draft"	"ftp://ftp.ncbi.nlm.nih.gov/genomes/all/GCA/002/497/625/GCA_002497625.1_ASM249762v1"
"Thermoplasmatales archaeon"	"UBA572"	""	"GCA_002496705.1"	"draft"	"ftp://ftp.ncbi.nlm.nih.gov/genomes/all/GCA/002/496/705/GCA_002496705.1_ASM249670v1"
"Thermoplasmatales archaeon"	"B_DKE"	"22"	"GCA_002204705.1"	"draft"	"ftp://ftp.ncbi.nlm.nih.gov/genomes/all/GCA/002/204/705/GCA_002204705.1_ASM220470v1"
"Thermoplasmatales archaeon"	"UBA570"	""	"GCA_002509255.1"	"draft"	"ftp://ftp.ncbi.nlm.nih.gov/genomes/all/GCA/002/509/255/GCA_002509255.1_ASM250925v1"
"Thermoplasmatales archaeon"	"UBA520"	""	"GCA_002509265.1"	"draft"	"ftp://ftp.ncbi.nlm.nih.gov/genomes/all/GCA/002/509/265/GCA_002509265.1_ASM250926v1"
"Thermoplasmatales archaeon"	"UBA564"	""	"GCA_002506225.1"	"draft"	"ftp://ftp.ncbi.nlm.nih.gov/genomes/all/GCA/002/506/225/GCA_002506225.1_ASM250622v1"
"Thermoplasmatales archaeon"	"UBA566"	""	"GCA_002505195.1"	"draft"	"ftp://ftp.ncbi.nlm.nih.gov/genomes/all/GCA/002/505/195/GCA_002505195.1_ASM250519v1"
"Thermoplasmatales archaeon"	"UBA577"	""	"GCA_002508325.1"	"draft"	"ftp://ftp.ncbi.nlm.nih.gov/genomes/all/GCA/002/508/325/GCA_002508325.1_ASM250832v1"
"Thermoplasmatales archaeon"	"ARMAN = A_DKE"	"22"	"GCA_002204695.1"	"draft"	"ftp://ftp.ncbi.nlm.nih.gov/genomes/all/GCA/002/204/695/GCA_002204695.1_ASM220469v1"
"Thermoplasmatales archaeon"	"UBA516"	""	"GCA_002499275.1"	"draft"	"ftp://ftp.ncbi.nlm.nih.gov/genomes/all/GCA/002/499/275/GCA_002499275.1_ASM249927v1"
"Thermoplasmatales archaeon"	"UBA511"	""	"GCA_002495975.1"	"draft"	"ftp://ftp.ncbi.nlm.nih.gov/genomes/all/GCA/002/495/975/GCA_002495975.1_ASM249597v1"
"Thermoplasmatales archaeon"	"UBA508"	""	"GCA_002498855.1"	"draft"	"ftp://ftp.ncbi.nlm.nih.gov/genomes/all/GCA/002/498/855/GCA_002498855.1_ASM249885v1"
"Thermoplasmatales archaeon"	"UBA505"	""	"GCA_002504745.1"	"draft"	"ftp://ftp.ncbi.nlm.nih.gov/genomes/all/GCA/002/504/745/GCA_002504745.1_ASM250474v1"
"Thermoplasmatales archaeon"	"UBA444"	""	"GCA_002508335.1"	"draft"	"ftp://ftp.ncbi.nlm.nih.gov/genomes/all/GCA/002/508/335/GCA_002508335.1_ASM250833v1"
"Thermoplasmatales archaeon"	"UBA268"	""	"GCA_002505565.1"	"draft"	"ftp://ftp.ncbi.nlm.nih.gov/genomes/all/GCA/002/505/565/GCA_002505565.1_ASM250556v1"
"Thermoplasmatales archaeon"	"UBA262"	""	"GCA_002504005.1"	"draft"	"ftp://ftp.ncbi.nlm.nih.gov/genomes/all/GCA/002/504/005/GCA_002504005.1_ASM250400v1"
"Thermoplasmatales archaeon"	"Gpl"	""	"GCA_001856845.1"	"draft"	"ftp://ftp.ncbi.nlm.nih.gov/genomes/all/GCA/001/856/845/GCA_001856845.1_amd_g-plasma"
"Thermoplasmatales archaeon"	"UBA616"	""	"GCA_002503265.1"	"draft"	"ftp://ftp.ncbi.nlm.nih.gov/genomes/all/GCA/002/503/265/GCA_002503265.1_ASM250326v1"
"Thermoplasmatales archaeon"	"UBA611"	""	"GCA_002505065.1"	"draft"	"ftp://ftp.ncbi.nlm.nih.gov/genomes/all/GCA/002/505/065/GCA_002505065.1_ASM250506v1"
"Thermoplasma volcanium"	"GSS1"	"60"	"GCA_000011185.1"	"complete"	"ftp://ftp.ncbi.nlm.nih.gov/genomes/all/GCA/000/011/185/GCA_000011185.1_ASM1118v1"
"Thermoproteus sp."	"CP80"	"80"	"GCA_002077075.2"	"draft"	"ftp://ftp.ncbi.nlm.nih.gov/genomes/all/GCA/002/077/075/GCA_002077075.2_ASM207707v2"
"Thermoproteus sp."	"UBA157"	""	"GCA_002497345.1"	"draft"	"ftp://ftp.ncbi.nlm.nih.gov/genomes/all/GCA/002/497/345/GCA_002497345.1_ASM249734v1"
"Thermoproteus sp."	"CIS_19"	"80.9"	"GCA_001516665.1"	"draft"	"ftp://ftp.ncbi.nlm.nih.gov/genomes/all/GCA/001/516/665/GCA_001516665.1_ASM151666v1"
"Thermoproteus sp."	"AZ2"	""	"GCA_000960885.1"	"draft"	"ftp://ftp.ncbi.nlm.nih.gov/genomes/all/GCA/000/960/885/GCA_000960885.1_ASM96088v1"
"Thermoproteus tenax"	"Kra 1"	"90"	"GCA_000253055.1"	"complete"	"ftp://ftp.ncbi.nlm.nih.gov/genomes/all/GCA/000/253/055/GCA_000253055.1_ASM25305v1"
"Thiomonas arsenitoxydans"	"CB6"	"30"	"GCA_900004565.1"	"draft"	"ftp://ftp.ncbi.nlm.nih.gov/genomes/all/GCA/900/004/565/GCA_900004565.1_BBA-C_PRJEB8796_v1"
"Thiomonas arsenitoxydans"	"strain 3As"	"30"	"GCA_000253115.1"	"complete"	"ftp://ftp.ncbi.nlm.nih.gov/genomes/all/GCA/000/253/115/GCA_000253115.1_ASM25311v1"
"Thiomonas intermedia"	"K12"	"30"	"GCA_000092605.1"	"complete"	"ftp://ftp.ncbi.nlm.nih.gov/genomes/all/GCA/000/092/605/GCA_000092605.1_ASM9260v1"
"Thiomonas intermedia"	"ATCC 15466"	"30"	"GCA_002028405.1"	"draft"	"ftp://ftp.ncbi.nlm.nih.gov/genomes/all/GCA/002/028/405/GCA_002028405.1_ASM202840v1"
"Thiomonas sp."	"UBA7699"	""	"GCA_002482605.1"	"draft"	"ftp://ftp.ncbi.nlm.nih.gov/genomes/all/GCA/002/482/605/GCA_002482605.1_ASM248260v1"
"Thiomonas sp."	"SCN 64-16"	""	"GCA_001725585.1"	"draft"	"ftp://ftp.ncbi.nlm.nih.gov/genomes/all/GCA/001/725/585/GCA_001725585.1_ASM172558v1"
"Thiomonas sp."	"FB-Cd"	""	"GCA_000733775.1"	"draft"	"ftp://ftp.ncbi.nlm.nih.gov/genomes/all/GCA/000/733/775/GCA_000733775.1_ASM73377v1"
"Thiomonas sp."	"FB-6"	""	"GCA_000377645.1"	"draft"	"ftp://ftp.ncbi.nlm.nih.gov/genomes/all/GCA/000/377/645/GCA_000377645.1_ASM37764v1"
"Thiomonas sp."	"CB3"	"30"	"GCA_900004415.1"	"draft"	"ftp://ftp.ncbi.nlm.nih.gov/genomes/all/GCA/900/004/415/GCA_900004415.1_BBA-B_PRJEB8795_v1"
"Thiomonas sp."	"CB2"	"30"	"GCA_000947035.1"	"draft"	"ftp://ftp.ncbi.nlm.nih.gov/genomes/all/GCA/000/947/035/GCA_000947035.1_ThiCB2"
"Thiomonas sp."	"CB1"	"30"	"GCA_900005065.1"	"draft"	"ftp://ftp.ncbi.nlm.nih.gov/genomes/all/GCA/900/005/065/GCA_900005065.1_BBA-A_PRJEB8794_v1"
"Thiomonas sp."	"ACO7"	"30"	"GCA_900004405.1"	"draft"	"ftp://ftp.ncbi.nlm.nih.gov/genomes/all/GCA/900/004/405/GCA_900004405.1_BBA-G_PRJEB8792_v1"
"Thiomonas sp."	"ACO3"	"30"	"GCA_900004955.1"	"draft"	"ftp://ftp.ncbi.nlm.nih.gov/genomes/all/GCA/900/004/955/GCA_900004955.1_BBA-H_PRJEB8791_v1"
"Thiomonas sp."	"20-64-9"	"15.27"	"GCA_002255485.1"	"draft"	"ftp://ftp.ncbi.nlm.nih.gov/genomes/all/GCA/002/255/485/GCA_002255485.1_ASM225548v1"
"Thiomonas sp."	"20-64-5"	"15.27"	"GCA_002255655.1"	"draft"	"ftp://ftp.ncbi.nlm.nih.gov/genomes/all/GCA/002/255/655/GCA_002255655.1_ASM225565v1"
"Thiomonas sp."	"15-66-11"	"15.27"	"GCA_002282675.1"	"draft"	"ftp://ftp.ncbi.nlm.nih.gov/genomes/all/GCA/002/282/675/GCA_002282675.1_ASM228267v1"
"Thiomonas sp."	"15-63-373"	"15.27"	"GCA_002282725.1"	"draft"	"ftp://ftp.ncbi.nlm.nih.gov/genomes/all/GCA/002/282/725/GCA_002282725.1_ASM228272v1"
"Thiomonas sp."	"14-66-4"	"15.27"	"GCA_002279105.1"	"draft"	"ftp://ftp.ncbi.nlm.nih.gov/genomes/all/GCA/002/279/105/GCA_002279105.1_ASM227910v1"
"Thiomonas sp."	"14-64-326"	"15.27"	"GCA_002279145.1"	"draft"	"ftp://ftp.ncbi.nlm.nih.gov/genomes/all/GCA/002/279/145/GCA_002279145.1_ASM227914v1"
"Thiomonas sp."	"13-66-29"	"15.27"	"GCA_002282785.1"	"draft"	"ftp://ftp.ncbi.nlm.nih.gov/genomes/all/GCA/002/282/785/GCA_002282785.1_ASM228278v1"
"Thiomonas sp."	"13-64-67"	"15.27"	"GCA_002282795.1"	"draft"	"ftp://ftp.ncbi.nlm.nih.gov/genomes/all/GCA/002/282/795/GCA_002282795.1_ASM228279v1"
"Thiotrichales bacterium"	"35-46-9"	"15.44"	"GCA_002281095.1"	"draft"	"ftp://ftp.ncbi.nlm.nih.gov/genomes/all/GCA/002/281/095/GCA_002281095.1_ASM228109v1"
"Thiotrichales bacterium"	"16-46-22"	"15.27"	"GCA_002256965.1"	"draft"	"ftp://ftp.ncbi.nlm.nih.gov/genomes/all/GCA/002/256/965/GCA_002256965.1_ASM225696v1"
"Thiotrichales bacterium"	"12-47-6"	"15.27"	"GCA_002257445.1"	"draft"	"ftp://ftp.ncbi.nlm.nih.gov/genomes/all/GCA/002/257/445/GCA_002257445.1_ASM225744v1"
"Thiotrichales bacterium"	"24-47-4"	"15.44"	"GCA_002257245.1"	"draft"	"ftp://ftp.ncbi.nlm.nih.gov/genomes/all/GCA/002/257/245/GCA_002257245.1_ASM225724v1"
"Thiotrichales bacterium"	"32-46-8"	"15.44"	"GCA_002280415.1"	"draft"	"ftp://ftp.ncbi.nlm.nih.gov/genomes/all/GCA/002/280/415/GCA_002280415.1_ASM228041v1"
"Thiotrichales bacterium"	"17-46-47"	"15.44"	"GCA_002282065.1"	"draft"	"ftp://ftp.ncbi.nlm.nih.gov/genomes/all/GCA/002/282/065/GCA_002282065.1_ASM228206v1"
"Thiotrichales bacterium"	"34-46-19"	"15.44"	"GCA_002282575.1"	"draft"	"ftp://ftp.ncbi.nlm.nih.gov/genomes/all/GCA/002/282/575/GCA_002282575.1_ASM228257v1"
"Thiotrichales bacterium"	"39-47-5"	"15.44"	"GCA_002282215.1"	"draft"	"ftp://ftp.ncbi.nlm.nih.gov/genomes/all/GCA/002/282/215/GCA_002282215.1_ASM228221v1"
"Uncultured Crenarchaeota"	"C2"	""	"2574179750"	"draft"	""
"Verrucomicrobia bacterium"	"LP2A"	"30"	"GCA_000526255.1"	"draft"	"ftp://ftp.ncbi.nlm.nih.gov/genomes/all/GCA/000/526/255/GCA_000526255.1_ASM52625v1"
"Verrucomicrobia bacterium"	"12-59-8"	"15.44"	"GCA_002279765.1"	"draft"	"ftp://ftp.ncbi.nlm.nih.gov/genomes/all/GCA/002/279/765/GCA_002279765.1_ASM227976v1"
"Verrucomicrobia bacterium"	"21-51-4"	"15.44"	"GCA_002255805.1"	"draft"	"ftp://ftp.ncbi.nlm.nih.gov/genomes/all/GCA/002/255/805/GCA_002255805.1_ASM225580v1"
"Verrucomicrobiales bacterium"	"32-60-5"	"15.44"	"GCA_002280095.1"	"draft"	"ftp://ftp.ncbi.nlm.nih.gov/genomes/all/GCA/002/280/095/GCA_002280095.1_ASM228009v1"
"Verrucomicrobium sp."	"3C"	"35"	"GCA_000379365.1"	"draft"	"ftp://ftp.ncbi.nlm.nih.gov/genomes/all/GCA/000/379/365/GCA_000379365.1_ASM37936v1"
"Vulcanisaeta distributa"	"JCM 11217"	"81"	"GCA_001316005.1"	"draft"	"ftp://ftp.ncbi.nlm.nih.gov/genomes/all/GCA/001/316/005/GCA_001316005.1_ASM131600v1"
"Vulcanisaeta distributa"	"JCM 11215"	"81"	"GCA_001316145.1"	"draft"	"ftp://ftp.ncbi.nlm.nih.gov/genomes/all/GCA/001/316/145/GCA_001316145.1_ASM131614v1"
"Vulcanisaeta distributa"	"JCM 11216"	"81"	"GCA_001315985.1"	"draft"	"ftp://ftp.ncbi.nlm.nih.gov/genomes/all/GCA/001/315/985/GCA_001315985.1_ASM131598v1"
"Vulcanisaeta distributa"	"JCM 11213"	"81"	"GCA_001316125.1"	"draft"	"ftp://ftp.ncbi.nlm.nih.gov/genomes/all/GCA/001/316/125/GCA_001316125.1_ASM131612v1"
"Vulcanisaeta distributa"	"DSM 14429"	"90"	"GCA_000148385.1"	"complete"	"ftp://ftp.ncbi.nlm.nih.gov/genomes/all/GCA/000/148/385/GCA_000148385.1_ASM14838v1"
"Vulcanisaeta distributa"	"UBA159"	""	"GCA_002506645.1"	"draft"	"ftp://ftp.ncbi.nlm.nih.gov/genomes/all/GCA/002/506/645/GCA_002506645.1_ASM250664v1"
"Vulcanisaeta souniana"	"JCM 11219"	"77"	"GCA_001316025.1"	"draft"	"ftp://ftp.ncbi.nlm.nih.gov/genomes/all/GCA/001/316/025/GCA_001316025.1_ASM131602v1"
"Vulcanisaeta sp."	"JCM 16161"	""	"GCA_001316285.1"	"draft"	"ftp://ftp.ncbi.nlm.nih.gov/genomes/all/GCA/001/316/285/GCA_001316285.1_ASM131628v1"
"Vulcanisaeta sp."	"UBA163"	""	"GCA_002496475.1"	"draft"	"ftp://ftp.ncbi.nlm.nih.gov/genomes/all/GCA/002/496/475/GCA_002496475.1_ASM249647v1"
"Vulcanisaeta sp."	"EB80"	""	"GCA_002078205.2"	"draft"	"ftp://ftp.ncbi.nlm.nih.gov/genomes/all/GCA/002/078/205/GCA_002078205.2_ASM207820v2"
"Vulcanisaeta sp."	"AZ3"	""	"GCA_000960865.1"	"draft"	"ftp://ftp.ncbi.nlm.nih.gov/genomes/all/GCA/000/960/865/GCA_000960865.1_ASM96086v1"
"Vulcanisaeta sp."	"SCGC AB-777_J10"	""	"GCA_003086515.1"	"draft"	"ftp://ftp.ncbi.nlm.nih.gov/genomes/all/GCA/003/086/515/GCA_003086515.1_ASM308651v1"
"Vulcanisaeta sp."	"OSP_8"	"73.5"	"GCA_001515905.1"	"draft"	"ftp://ftp.ncbi.nlm.nih.gov/genomes/all/GCA/001/515/905/GCA_001515905.1_ASM151590v1"
"Vulcanisaeta sp."	"CIS_19"	"80.9"	"GCA_001516745.1"	"draft"	"ftp://ftp.ncbi.nlm.nih.gov/genomes/all/GCA/001/516/745/GCA_001516745.1_ASM151674v1"
"Vulcanisaeta sp."	"MG_3"	"82.3"	"GCA_001516765.1"	"draft"	"ftp://ftp.ncbi.nlm.nih.gov/genomes/all/GCA/001/516/765/GCA_001516765.1_ASM151676v1"
"Vulcanisaeta sp."	"JCM 14467"	""	"GCA_001316245.1"	"draft"	"ftp://ftp.ncbi.nlm.nih.gov/genomes/all/GCA/001/316/245/GCA_001316245.1_ASM131624v1"
"Vulcanisaeta sp."	"JCM 16159"	""	"GCA_001316265.1"	"draft"	"ftp://ftp.ncbi.nlm.nih.gov/genomes/all/GCA/001/316/265/GCA_001316265.1_ASM131626v1"
"Vulcanisaeta thermophila"	"CBA1501 = JCM 17228"	"85"	"GCA_001748385.1"	"draft"	"ftp://ftp.ncbi.nlm.nih.gov/genomes/all/GCA/001/748/385/GCA_001748385.1_ASM174838v1"
"WPS-2 bacterium"	"JGI MDM2-000215CP-F4"	"23"	"2616644934"	"draft"	""
"WPS-2 bacterium"	"JGI MDM2-000215CP-C6"	"23"	"2616644940"	"draft"	""
"WPS-2 bacterium"	"JGI MDM2-000215CP-G15"	"23"	"2616644937"	"draft"	""
"WPS-2 bacterium"	"JGI MDM2-000215CP-B5"	"23"	"2616644828"	"draft"	""
"WPS-2 bacterium"	"JGI MDM2 PDUP-3-I5"	"23"	"2706794756"	"draft"	""
"WPS-2 bacterium"	"JGI MDM2 PDUP-3-C21"	"23"	"2706794750"	"draft"	""
"WPS-2 bacterium"	"JGI MDM2-000215CP-I16"	"23"	"2616644825"	"draft"	""
"WPS-2 bacterium"	"JGI MDM2-000215CP-H17"	"23"	"2617270724"	"draft"	""
"Xanthobacter sp."	"35-67-6"	"15.44"	"GCA_002281045.1"	"draft"	"ftp://ftp.ncbi.nlm.nih.gov/genomes/all/GCA/002/281/045/GCA_002281045.1_ASM228104v1"
"Xanthobacter sp."	"17-67-6"	"15.44"	"GCA_002257305.1"	"draft"	"ftp://ftp.ncbi.nlm.nih.gov/genomes/all/GCA/002/257/305/GCA_002257305.1_ASM225730v1"
"Xanthomonadales bacterium"	"13-68-4"	"15.44"	"GCA_002257385.1"	"draft"	"ftp://ftp.ncbi.nlm.nih.gov/genomes/all/GCA/002/257/385/GCA_002257385.1_ASM225738v1"
"Xanthomonadales bacterium"	"15-68-25"	"15.44"	"GCA_002279065.1"	"draft"	"ftp://ftp.ncbi.nlm.nih.gov/genomes/all/GCA/002/279/065/GCA_002279065.1_ASM227906v1"
"Xanthomonadales bacterium"	"14-68-21"	"15.44"	"GCA_002282695.1"	"draft"	"ftp://ftp.ncbi.nlm.nih.gov/genomes/all/GCA/002/282/695/GCA_002282695.1_ASM228269v1"