ncbiTaxID	Genome	Superkingdom	Phylum	Class	Order	Family	Genus
205	GCA_022779145.1	Bacteria	Campylobacterota	Epsilonproteobacteria	Campylobacterales	Campylobacteraceae	Campylobacter
218	GCA_022782945.1	Bacteria	Campylobacterota	Epsilonproteobacteria	Campylobacterales	Helicobacteraceae	Helicobacter
218	GCA_022787285.1	Bacteria	Campylobacterota	Epsilonproteobacteria	Campylobacterales	Helicobacteraceae	Helicobacter
239	GCA_014378745.1	Bacteria	Bacteroidota	Flavobacteriia	Flavobacteriales	Flavobacteriaceae	Flavobacterium
239	GCA_017306835.1	Bacteria	Bacteroidota	Flavobacteriia	Flavobacteriales	Flavobacteriaceae	Flavobacterium
239	GCA_018993165.1	Bacteria	Bacteroidota	Flavobacteriia	Flavobacteriales	Flavobacteriaceae	Flavobacterium
239	GCA_027531125.1	Bacteria	Bacteroidota	Flavobacteriia	Flavobacteriales	Flavobacteriaceae	Flavobacterium
239	GCA_027531465.1	Bacteria	Bacteroidota	Flavobacteriia	Flavobacteriales	Flavobacteriaceae	Flavobacterium
239	GCA_027532705.1	Bacteria	Bacteroidota	Flavobacteriia	Flavobacteriales	Flavobacteriaceae	Flavobacterium
239	GCA_027533275.1	Bacteria	Bacteroidota	Flavobacteriia	Flavobacteriales	Flavobacteriaceae	Flavobacterium
239	GCA_028687115.1	Bacteria	Bacteroidota	Flavobacteriia	Flavobacteriales	Flavobacteriaceae	Flavobacterium
333	GCA_003945765.1	Bacteria	Pseudomonadota	Gammaproteobacteria	Pseudomonadales	Pseudomonadaceae	Pseudomonas
376	GCF_900011265.1	Bacteria	Pseudomonadota	Alphaproteobacteria	Hyphomicrobiales	Nitrobacteraceae	Bradyrhizobium
1396	GCA_025946485.2	Bacteria	Bacillota	Bacilli	Bacillales	Bacillaceae	Bacillus
1506	GCA_015058335.1	Bacteria	Bacillota	Clostridia	Eubacteriales	Clostridiaceae	Clostridium
1506	GCA_018054245.1	Bacteria	Bacillota	Clostridia	Eubacteriales	Clostridiaceae	Clostridium
1506	GCA_018063715.1	Bacteria	Bacillota	Clostridia	Eubacteriales	Clostridiaceae	Clostridium
1506	GCA_021632605.1	Bacteria	Bacillota	Clostridia	Eubacteriales	Clostridiaceae	Clostridium
1506	GCA_021636645.1	Bacteria	Bacillota	Clostridia	Eubacteriales	Clostridiaceae	Clostridium
1667	GCA_025924795.1	Bacteria	Actinomycetota	Actinomycetes	Micrococcales	Micrococcaceae	Arthrobacter
1667	GCA_025925425.1	Bacteria	Actinomycetota	Actinomycetes	Micrococcales	Micrococcaceae	Arthrobacter
1667	GCA_025934175.1	Bacteria	Actinomycetota	Actinomycetes	Micrococcales	Micrococcaceae	Arthrobacter
1667	GCA_025935165.1	Bacteria	Actinomycetota	Actinomycetes	Micrococcales	Micrococcaceae	Arthrobacter
1701	GCA_012841325.1	Bacteria	Actinomycetota	Actinomycetes	Micrococcales	Brevibacteriaceae	Brevibacterium
1720	GCA_003638845.1	Bacteria	Actinomycetota	Actinomycetes	Mycobacteriales	Corynebacteriaceae	Corynebacterium
1720	GCA_012799005.1	Bacteria	Actinomycetota	Actinomycetes	Mycobacteriales	Corynebacteriaceae	Corynebacterium
1720	GCA_013393575.1	Bacteria	Actinomycetota	Actinomycetes	Mycobacteriales	Corynebacteriaceae	Corynebacterium
1720	GCA_018366175.1	Bacteria	Actinomycetota	Actinomycetes	Mycobacteriales	Corynebacteriaceae	Corynebacterium
1782	GCF_002101775.1	Bacteria	Actinomycetota	Actinomycetes	Mycobacteriales	Mycobacteriaceae	Mycolicibacter
1785	GCA_002786085.1	Bacteria	Actinomycetota	Actinomycetes	Mycobacteriales	Mycobacteriaceae	Mycobacterium
1785	GCA_002786125.1	Bacteria	Actinomycetota	Actinomycetes	Mycobacteriales	Mycobacteriaceae	Mycobacterium
1785	GCA_002786135.1	Bacteria	Actinomycetota	Actinomycetes	Mycobacteriales	Mycobacteriaceae	Mycobacterium
1785	GCA_016185315.1	Bacteria	Actinomycetota	Actinomycetes	Mycobacteriales	Mycobacteriaceae	Mycobacterium
1785	GCA_027353025.1	Bacteria	Actinomycetota	Actinomycetes	Mycobacteriales	Mycobacteriaceae	Mycobacterium
1928	GCA_010550405.1	Bacteria	Actinomycetota	Actinomycetes	Kitasatosporales	Streptomycetaceae	Streptomyces
1928	GCA_020881015.1	Bacteria	Actinomycetota	Actinomycetes	Kitasatosporales	Streptomycetaceae	Streptomyces
1971	GCF_014650635.1	Bacteria	Actinomycetota	Actinomycetes	Kitasatosporales	Streptomycetaceae	Streptomyces
2294	GCA_003476085.1	Bacteria	Thermodesulfobacteriota	Desulfobacteria	Desulfobacterales	Desulfobacteraceae	Desulfobacter
2294	GCA_003510365.1	Bacteria	Thermodesulfobacteriota	Desulfobacteria	Desulfobacterales	Desulfobacteraceae	Desulfobacter
2294	GCA_011391705.1	Bacteria	Thermodesulfobacteriota	Desulfobacteria	Desulfobacterales	Desulfobacteraceae	Desulfobacter
2294	GCA_018055085.1	Bacteria	Thermodesulfobacteriota	Desulfobacteria	Desulfobacterales	Desulfobacteraceae	Desulfobacter
2294	GCA_018059755.1	Bacteria	Thermodesulfobacteriota	Desulfobacteria	Desulfobacterales	Desulfobacteraceae	Desulfobacter
2898	GCF_000194455.1	Eukaryota		Cryptophyceae	Cryptomonadales	Cryptomonadaceae	Cryptomonas
5486	GCF_003327735.1	Eukaryota	Ascomycota	Saccharomycetes	Saccharomycetales	Debaryomycetaceae	Candida
28037	GCF_000960005.1	Bacteria	Bacillota	Bacilli	Lactobacillales	Streptococcaceae	Streptococcus
28081	GCA_002991595.1	Bacteria	Pseudomonadota	Betaproteobacteria	Burkholderiales	Alcaligenaceae	Bordetella
28118	GCF_020736405.1	Bacteria	Bacteroidota	Bacteroidia	Bacteroidales	Odoribacteraceae	Odoribacter
28132	GCF_000144405.1	Bacteria	Bacteroidota	Bacteroidia	Bacteroidales	Prevotellaceae	Prevotella
28134	GCF_000185145.2	Bacteria	Bacteroidota	Bacteroidia	Bacteroidales	Prevotellaceae	Hoylesella
29523	GCA_003545565.1	Bacteria	Bacteroidota	Bacteroidia	Bacteroidales	Bacteroidaceae	Bacteroides
29523	GCA_009775685.1	Bacteria	Bacteroidota	Bacteroidia	Bacteroidales	Bacteroidaceae	Bacteroides
29523	GCA_011525405.1	Bacteria	Bacteroidota	Bacteroidia	Bacteroidales	Bacteroidaceae	Bacteroides
29523	GCA_013316615.1	Bacteria	Bacteroidota	Bacteroidia	Bacteroidales	Bacteroidaceae	Bacteroides
29523	GCA_017983915.1	Bacteria	Bacteroidota	Bacteroidia	Bacteroidales	Bacteroidaceae	Bacteroides
29523	GCA_017984365.1	Bacteria	Bacteroidota	Bacteroidia	Bacteroidales	Bacteroidaceae	Bacteroides
29523	GCA_017984395.1	Bacteria	Bacteroidota	Bacteroidia	Bacteroidales	Bacteroidaceae	Bacteroides
29523	GCA_017985235.1	Bacteria	Bacteroidota	Bacteroidia	Bacteroidales	Bacteroidaceae	Bacteroides
29523	GCA_017985695.1	Bacteria	Bacteroidota	Bacteroidia	Bacteroidales	Bacteroidaceae	Bacteroides
29523	GCA_017986355.1	Bacteria	Bacteroidota	Bacteroidia	Bacteroidales	Bacteroidaceae	Bacteroides
29523	GCA_017986375.1	Bacteria	Bacteroidota	Bacteroidia	Bacteroidales	Bacteroidaceae	Bacteroides
29523	GCA_017986485.1	Bacteria	Bacteroidota	Bacteroidia	Bacteroidales	Bacteroidaceae	Bacteroides
29523	GCA_017987515.1	Bacteria	Bacteroidota	Bacteroidia	Bacteroidales	Bacteroidaceae	Bacteroides
29523	GCA_017993145.1	Bacteria	Bacteroidota	Bacteroidia	Bacteroidales	Bacteroidaceae	Bacteroides
29523	GCA_017994795.1	Bacteria	Bacteroidota	Bacteroidia	Bacteroidales	Bacteroidaceae	Bacteroides
29523	GCA_017995425.1	Bacteria	Bacteroidota	Bacteroidia	Bacteroidales	Bacteroidaceae	Bacteroides
29523	GCA_017996295.1	Bacteria	Bacteroidota	Bacteroidia	Bacteroidales	Bacteroidaceae	Bacteroides
29523	GCA_017996405.1	Bacteria	Bacteroidota	Bacteroidia	Bacteroidales	Bacteroidaceae	Bacteroides
29523	GCA_018006095.1	Bacteria	Bacteroidota	Bacteroidia	Bacteroidales	Bacteroidaceae	Bacteroides
29523	GCA_018054165.1	Bacteria	Bacteroidota	Bacteroidia	Bacteroidales	Bacteroidaceae	Bacteroides
29523	GCA_018054275.1	Bacteria	Bacteroidota	Bacteroidia	Bacteroidales	Bacteroidaceae	Bacteroides
29523	GCA_018055485.1	Bacteria	Bacteroidota	Bacteroidia	Bacteroidales	Bacteroidaceae	Bacteroides
29523	GCA_018058485.1	Bacteria	Bacteroidota	Bacteroidia	Bacteroidales	Bacteroidaceae	Bacteroides
29523	GCA_018058515.1	Bacteria	Bacteroidota	Bacteroidia	Bacteroidales	Bacteroidaceae	Bacteroides
29523	GCA_018059265.1	Bacteria	Bacteroidota	Bacteroidia	Bacteroidales	Bacteroidaceae	Bacteroides
29523	GCA_018060005.1	Bacteria	Bacteroidota	Bacteroidia	Bacteroidales	Bacteroidaceae	Bacteroides
29523	GCA_018060105.1	Bacteria	Bacteroidota	Bacteroidia	Bacteroidales	Bacteroidaceae	Bacteroides
29523	GCA_018061245.1	Bacteria	Bacteroidota	Bacteroidia	Bacteroidales	Bacteroidaceae	Bacteroides
29523	GCA_018061885.1	Bacteria	Bacteroidota	Bacteroidia	Bacteroidales	Bacteroidaceae	Bacteroides
29523	GCA_018264635.1	Bacteria	Bacteroidota	Bacteroidia	Bacteroidales	Bacteroidaceae	Bacteroides
29523	GCA_018264655.1	Bacteria	Bacteroidota	Bacteroidia	Bacteroidales	Bacteroidaceae	Bacteroides
29523	GCA_018265735.1	Bacteria	Bacteroidota	Bacteroidia	Bacteroidales	Bacteroidaceae	Bacteroides
29523	GCA_019412325.1	Bacteria	Bacteroidota	Bacteroidia	Bacteroidales	Bacteroidaceae	Bacteroides
29523	GCA_019412365.1	Bacteria	Bacteroidota	Bacteroidia	Bacteroidales	Bacteroidaceae	Bacteroides
29523	GCA_019412375.1	Bacteria	Bacteroidota	Bacteroidia	Bacteroidales	Bacteroidaceae	Bacteroides
29523	GCA_019412405.1	Bacteria	Bacteroidota	Bacteroidia	Bacteroidales	Bacteroidaceae	Bacteroides
29523	GCA_019412445.1	Bacteria	Bacteroidota	Bacteroidia	Bacteroidales	Bacteroidaceae	Bacteroides
29523	GCA_019412455.1	Bacteria	Bacteroidota	Bacteroidia	Bacteroidales	Bacteroidaceae	Bacteroides
29523	GCA_019412505.1	Bacteria	Bacteroidota	Bacteroidia	Bacteroidales	Bacteroidaceae	Bacteroides
29523	GCA_019412565.1	Bacteria	Bacteroidota	Bacteroidia	Bacteroidales	Bacteroidaceae	Bacteroides
29523	GCA_019412575.1	Bacteria	Bacteroidota	Bacteroidia	Bacteroidales	Bacteroidaceae	Bacteroides
29523	GCA_019412645.1	Bacteria	Bacteroidota	Bacteroidia	Bacteroidales	Bacteroidaceae	Bacteroides
29523	GCA_019412765.1	Bacteria	Bacteroidota	Bacteroidia	Bacteroidales	Bacteroidaceae	Bacteroides
29523	GCA_019412775.1	Bacteria	Bacteroidota	Bacteroidia	Bacteroidales	Bacteroidaceae	Bacteroides
29523	GCA_019412845.1	Bacteria	Bacteroidota	Bacteroidia	Bacteroidales	Bacteroidaceae	Bacteroides
29523	GCA_019415065.1	Bacteria	Bacteroidota	Bacteroidia	Bacteroidales	Bacteroidaceae	Bacteroides
29523	GCA_019417355.1	Bacteria	Bacteroidota	Bacteroidia	Bacteroidales	Bacteroidaceae	Bacteroides
29523	GCA_019417705.1	Bacteria	Bacteroidota	Bacteroidia	Bacteroidales	Bacteroidaceae	Bacteroides
29523	GCA_019418975.1	Bacteria	Bacteroidota	Bacteroidia	Bacteroidales	Bacteroidaceae	Bacteroides
29523	GCA_019418985.1	Bacteria	Bacteroidota	Bacteroidia	Bacteroidales	Bacteroidaceae	Bacteroides
29523	GCA_019418995.1	Bacteria	Bacteroidota	Bacteroidia	Bacteroidales	Bacteroidaceae	Bacteroides
29523	GCA_019419105.1	Bacteria	Bacteroidota	Bacteroidia	Bacteroidales	Bacteroidaceae	Bacteroides
29523	GCA_019419195.1	Bacteria	Bacteroidota	Bacteroidia	Bacteroidales	Bacteroidaceae	Bacteroides
29523	GCA_019419695.1	Bacteria	Bacteroidota	Bacteroidia	Bacteroidales	Bacteroidaceae	Bacteroides
29523	GCA_019420925.1	Bacteria	Bacteroidota	Bacteroidia	Bacteroidales	Bacteroidaceae	Bacteroides
29523	GCA_019421825.1	Bacteria	Bacteroidota	Bacteroidia	Bacteroidales	Bacteroidaceae	Bacteroides
29523	GCA_019424485.1	Bacteria	Bacteroidota	Bacteroidia	Bacteroidales	Bacteroidaceae	Bacteroides
29523	GCA_019424495.1	Bacteria	Bacteroidota	Bacteroidia	Bacteroidales	Bacteroidaceae	Bacteroides
29523	GCA_019424555.1	Bacteria	Bacteroidota	Bacteroidia	Bacteroidales	Bacteroidaceae	Bacteroides
29523	GCA_019424625.1	Bacteria	Bacteroidota	Bacteroidia	Bacteroidales	Bacteroidaceae	Bacteroides
29523	GCA_019425245.1	Bacteria	Bacteroidota	Bacteroidia	Bacteroidales	Bacteroidaceae	Bacteroides
29523	GCA_021619295.1	Bacteria	Bacteroidota	Bacteroidia	Bacteroidales	Bacteroidaceae	Bacteroides
29523	GCA_021623745.1	Bacteria	Bacteroidota	Bacteroidia	Bacteroidales	Bacteroidaceae	Bacteroides
32019	GCA_007723545.1	Bacteria	Campylobacterota	Epsilonproteobacteria	Campylobacterales	Campylobacteraceae	Campylobacter
32019	GCA_017896385.1	Bacteria	Campylobacterota	Epsilonproteobacteria	Campylobacterales	Campylobacteraceae	Campylobacter
32019	GCA_017896405.1	Bacteria	Campylobacterota	Epsilonproteobacteria	Campylobacterales	Campylobacteraceae	Campylobacter
32019	GCA_900475935.1	Bacteria	Campylobacterota	Epsilonproteobacteria	Campylobacterales	Campylobacteraceae	Campylobacter
32019	GCA_000759485.1	Bacteria	Campylobacterota	Epsilonproteobacteria	Campylobacterales	Campylobacteraceae	Campylobacter
32019	GCA_000015085.1	Bacteria	Campylobacterota	Epsilonproteobacteria	Campylobacterales	Campylobacteraceae	Campylobacter
36773	GCA_020254105.1	Bacteria	Pseudomonadota	Betaproteobacteria	Burkholderiales	Burkholderiaceae	Burkholderia
36773	GCA_020254115.1	Bacteria	Pseudomonadota	Betaproteobacteria	Burkholderiales	Burkholderiaceae	Burkholderia
36773	GCA_020254145.1	Bacteria	Pseudomonadota	Betaproteobacteria	Burkholderiales	Burkholderiaceae	Burkholderia
36773	GCA_020254165.1	Bacteria	Pseudomonadota	Betaproteobacteria	Burkholderiales	Burkholderiaceae	Burkholderia
36773	GCA_020254185.1	Bacteria	Pseudomonadota	Betaproteobacteria	Burkholderiales	Burkholderiaceae	Burkholderia
36773	GCA_020254195.1	Bacteria	Pseudomonadota	Betaproteobacteria	Burkholderiales	Burkholderiaceae	Burkholderia
36773	GCA_020254225.1	Bacteria	Pseudomonadota	Betaproteobacteria	Burkholderiales	Burkholderiaceae	Burkholderia
36773	GCA_020254245.1	Bacteria	Pseudomonadota	Betaproteobacteria	Burkholderiales	Burkholderiaceae	Burkholderia
36773	GCA_020254265.1	Bacteria	Pseudomonadota	Betaproteobacteria	Burkholderiales	Burkholderiaceae	Burkholderia
36773	GCA_020254285.1	Bacteria	Pseudomonadota	Betaproteobacteria	Burkholderiales	Burkholderiaceae	Burkholderia
36773	GCA_020254305.1	Bacteria	Pseudomonadota	Betaproteobacteria	Burkholderiales	Burkholderiaceae	Burkholderia
36773	GCA_020254325.1	Bacteria	Pseudomonadota	Betaproteobacteria	Burkholderiales	Burkholderiaceae	Burkholderia
36773	GCA_020254345.1	Bacteria	Pseudomonadota	Betaproteobacteria	Burkholderiales	Burkholderiaceae	Burkholderia
36773	GCA_020254365.1	Bacteria	Pseudomonadota	Betaproteobacteria	Burkholderiales	Burkholderiaceae	Burkholderia
36773	GCA_020254375.1	Bacteria	Pseudomonadota	Betaproteobacteria	Burkholderiales	Burkholderiaceae	Burkholderia
36773	GCA_020254405.1	Bacteria	Pseudomonadota	Betaproteobacteria	Burkholderiales	Burkholderiaceae	Burkholderia
36773	GCA_020254425.1	Bacteria	Pseudomonadota	Betaproteobacteria	Burkholderiales	Burkholderiaceae	Burkholderia
36773	GCA_023383095.1	Bacteria	Pseudomonadota	Betaproteobacteria	Burkholderiales	Burkholderiaceae	Burkholderia
36811	GCF_010722915.1	Bacteria	Actinomycetota	Actinomycetes	Mycobacteriales	Mycobacteriaceae	Mycolicibacterium
36822	GCF_014070455.1	Bacteria	Actinomycetota	Actinomycetes	Mycobacteriales	Gordoniaceae	Gordonia
42895	GCA_009360515.1	Bacteria	Pseudomonadota	Gammaproteobacteria	Enterobacterales	Enterobacteriaceae	Enterobacter
42895	GCA_017999635.1	Bacteria	Pseudomonadota	Gammaproteobacteria	Enterobacterales	Enterobacteriaceae	Enterobacter
42895	GCA_018000095.1	Bacteria	Pseudomonadota	Gammaproteobacteria	Enterobacterales	Enterobacteriaceae	Enterobacter
42895	GCA_018364845.1	Bacteria	Pseudomonadota	Gammaproteobacteria	Enterobacterales	Enterobacteriaceae	Enterobacter
42895	GCA_018376065.1	Bacteria	Pseudomonadota	Gammaproteobacteria	Enterobacterales	Enterobacteriaceae	Enterobacter
42895	GCA_022728975.1	Bacteria	Pseudomonadota	Gammaproteobacteria	Enterobacterales	Enterobacteriaceae	Enterobacter
42895	GCA_022795755.1	Bacteria	Pseudomonadota	Gammaproteobacteria	Enterobacterales	Enterobacteriaceae	Enterobacter
44250	GCA_011009465.1	Bacteria	Bacillota	Bacilli	Bacillales	Paenibacillaceae	Paenibacillus
44250	GCA_015845605.1	Bacteria	Bacillota	Bacilli	Bacillales	Paenibacillaceae	Paenibacillus
44250	GCA_015845705.1	Bacteria	Bacillota	Bacilli	Bacillales	Paenibacillaceae	Paenibacillus
44250	GCA_026786845.1	Bacteria	Bacillota	Bacilli	Bacillales	Paenibacillaceae	Paenibacillus
44250	GCA_026794095.1	Bacteria	Bacillota	Bacilli	Bacillales	Paenibacillaceae	Paenibacillus
44250	GCA_026797055.1	Bacteria	Bacillota	Bacilli	Bacillales	Paenibacillaceae	Paenibacillus
44250	GCA_026797075.1	Bacteria	Bacillota	Bacilli	Bacillales	Paenibacillaceae	Paenibacillus
44250	GCA_026797385.1	Bacteria	Bacillota	Bacilli	Bacillales	Paenibacillaceae	Paenibacillus
44250	GCA_026797595.1	Bacteria	Bacillota	Bacilli	Bacillales	Paenibacillaceae	Paenibacillus
44250	GCA_026797655.1	Bacteria	Bacillota	Bacilli	Bacillales	Paenibacillaceae	Paenibacillus
44250	GCA_026797725.1	Bacteria	Bacillota	Bacilli	Bacillales	Paenibacillaceae	Paenibacillus
44250	GCA_026797755.1	Bacteria	Bacillota	Bacilli	Bacillales	Paenibacillaceae	Paenibacillus
54061	GCA_023512795.1	Bacteria	Pseudomonadota	Betaproteobacteria	Burkholderiales	Burkholderiaceae	Ralstonia
56818	GCA_009360475.1	Bacteria	Pseudomonadota	Betaproteobacteria	Nitrosomonadales	Methylophilaceae	Methylobacillus
67855	GCF_004569585.1	Bacteria	Pseudomonadota	Gammaproteobacteria	Pasteurellales	Pasteurellaceae	Muribacter
88719	GCA_900475815.1	Bacteria	Pseudomonadota	Betaproteobacteria	Neisseriales	Neisseriaceae	Neisseria
88719	GCA_000818035.1	Bacteria	Pseudomonadota	Betaproteobacteria	Neisseriales	Neisseriaceae	Neisseria
89187	GCF_000152625.1	Bacteria	Pseudomonadota	Alphaproteobacteria	Rhodobacterales	Roseobacteraceae	Roseovarius
100886	GCF_902362575.1	Bacteria	Bacillota	Erysipelotrichia	Erysipelotrichales	Coprobacillaceae	Catenibacterium
103892	GCF_003992115.1	Bacteria	Bacillota	Negativicutes	Veillonellales	Veillonellaceae	Veillonella
158500	GCF_001742225.1	Bacteria	Pseudomonadota	Alphaproteobacteria	Sphingomonadales	Sphingomonadaceae	Novosphingobium
213585	GCA_000970205.1	Archaea	Euryarchaeota	Methanomicrobia	Methanosarcinales	Methanosarcinaceae	Methanosarcina
214482	GCA_900113545.1	Bacteria	Pseudomonadota	Betaproteobacteria	Neisseriales	Neisseriaceae	Neisseria
225937	GCA_000166295.1	Bacteria	Pseudomonadota	Gammaproteobacteria	Pseudomonadales	Marinobacteraceae	Marinobacter
243160	GCA_000011705.1	Bacteria	Pseudomonadota	Betaproteobacteria	Burkholderiales	Burkholderiaceae	Burkholderia
243164	GCA_000011905.1	Bacteria	Chloroflexota	Dehalococcoidia	Dehalococcoidales	Dehalococcoidaceae	Dehalococcoides
290513	GCA_010912735.1	Bacteria	Chlorobiota	Chlorobiia	Chlorobiales	Chlorobiaceae	Prosthecochloris
290513	GCA_015482715.1	Bacteria	Chlorobiota	Chlorobiia	Chlorobiales	Chlorobiaceae	Prosthecochloris
290513	GCA_026193455.1	Bacteria	Chlorobiota	Chlorobiia	Chlorobiales	Chlorobiaceae	Prosthecochloris
314265	GCA_000153725.1	Bacteria	Pseudomonadota	Alphaproteobacteria	Rhodobacterales	Roseobacteraceae	Salipiger
316284	GCA_001704275.1	Bacteria	Actinomycetota	Actinomycetes	Kitasatosporales	Streptomycetaceae	Streptomyces
335284	GCA_000013905.1	Bacteria	Pseudomonadota	Gammaproteobacteria	Moraxellales	Moraxellaceae	Psychrobacter
339860	GCA_000012545.1	Archaea	Euryarchaeota	Methanobacteria	Methanobacteriales	Methanobacteriaceae	Methanosphaera
340145	GCA_025234645.1	Bacteria	Bacillota	Bacilli	Bacillales		Exiguobacterium
344616	GCA_003351105.1	Bacteria	Thermotogota	Thermotogae	Thermotogales	Fervidobacteriaceae	Thermosipho
348610	GCF_028912405.1	Archaea	Euryarchaeota	Methanomicrobia	Methanomicrobiales	Methanomicrobiaceae	Methanogenium
348610	GCA_028912405.1	Archaea	Euryarchaeota	Methanomicrobia	Methanomicrobiales	Methanomicrobiaceae	Methanogenium
391624	GCA_000172095.1	Bacteria	Pseudomonadota	Alphaproteobacteria	Rhodobacterales	Roseobacteraceae	Sulfitobacter
405559	GCA_900156835.1	Bacteria	Pseudomonadota	Alphaproteobacteria	Rhodobacterales	Paracoccaceae	Paracoccus
411479	GCA_000154205.1	Bacteria	Bacteroidota	Bacteroidia	Bacteroidales	Bacteroidaceae	Bacteroides
464988	GCF_000018645.1	Eukaryota		Cryptophyceae	Cryptomonadales	Hemiselmidaceae	Hemiselmis
470146	GCA_025149785.1	Bacteria	Bacillota	Clostridia	Eubacteriales	Lachnospiraceae	Coprococcus
498388	GCA_002079225.1	Bacteria	Pseudomonadota	Gammaproteobacteria	Enterobacterales	Enterobacteriaceae	Escherichia
560819	GCA_900177295.1	Bacteria	Pseudomonadota	Alphaproteobacteria	Hyphomicrobiales	Rhodovibrionaceae	Tistlia
585503	GCA_000160555.1	Bacteria	Bacillota	Negativicutes	Selenomonadales	Selenomonadaceae	Selenomonas
614083	GCA_000498435.1	Bacteria	Pseudomonadota	Betaproteobacteria	Burkholderiales	Comamonadaceae	Rhodoferax
643674	GCF_014635265.1	Bacteria	Pseudomonadota	Betaproteobacteria	Burkholderiales	Alcaligenaceae	Paenalcaligenes
768065	GCA_000237865.1	Archaea	Euryarchaeota	Halobacteria	Haloferacales	Haloferacaceae	Haloquadratum
796385	GCA_001027005.1	Archaea	Euryarchaeota	Methanomicrobia	Methanosarcinales	Methanosarcinaceae	Methanosarcina
862422	GCA_000767215.1	Bacteria	Actinomycetota	Actinomycetes	Micrococcales	Cellulomonadaceae	Actinotalea
931529	GCF_002812985.1	Bacteria	Pseudomonadota	Gammaproteobacteria	Aeromonadales	Aeromonadaceae	Aeromonas
946077	GCA_000260835.1	Bacteria	Bacteroidota	Flavobacteriia	Flavobacteriales	Flavobacteriaceae	Imtechella
947010	GCF_029478095.1	Bacteria	Bacillota	Clostridia	Eubacteriales	Desulfotomaculaceae	Pelotomaculum
947969	GCA_000767175.1	Bacteria	Actinomycetota	Actinomycetes	Micrococcales	Cellulomonadaceae	Cellulomonas
990268	GCA_003263775.1	Bacteria	Pseudomonadota	Gammaproteobacteria	Vibrionales	Vibrionaceae	Vibrio
1000565	GCA_000214035.3	Bacteria	Pseudomonadota	Betaproteobacteria	Nitrosomonadales	Sterolibacteriaceae	Methyloversatilis
1005941	GCA_000342445.1	Bacteria	Bacillota	Bacilli	Bacillales	Planococcaceae	Planococcus
1033732	GCA_025145645.1	Bacteria	Bacteroidota	Bacteroidia	Bacteroidales	Rikenellaceae	Alistipes
1051502	GCA_000245315.1	Bacteria	Bacillota	Bacilli	Bacillales	Bacillaceae	Bacillus
1053692	GCA_000220645.1	Archaea	Euryarchaeota	Methanococci	Methanococcales	Methanococcaceae	Methanococcus
1056820	GCA_000379165.1	Bacteria	Pseudomonadota	Gammaproteobacteria	Cellvibrionales	Cellvibrionaceae	Teredinibacter
1095767	GCA_000312005.1	Bacteria	Actinomycetota	Actinomycetes	Micrococcales	Cellulomonadaceae	Cellulomonas
1105144	GCA_028994775.1	Bacteria	Actinomycetota	Actinomycetes	Micrococcales	Promicromonosporaceae	Promicromonospora
1105144	GCA_028994805.1	Bacteria	Actinomycetota	Actinomycetes	Micrococcales	Promicromonosporaceae	Promicromonospora
1121098	GCF_000382445.1	Bacteria	Bacteroidota	Bacteroidia	Bacteroidales	Bacteroidaceae	Phocaeicola
1121386	GCA_013303165.1	Bacteria	Bacillota	Negativicutes	Selenomonadales	Sporomusaceae	Dendrosporobacter
1122992	GCA_000430565.1	Bacteria	Bacteroidota	Bacteroidia	Bacteroidales	Prevotellaceae	Hoylesella
1122992	GCA_000455445.1	Bacteria	Bacteroidota	Bacteroidia	Bacteroidales	Prevotellaceae	Hoylesella
1149865	GCA_000258495.1	Bacteria	Bacteroidota	Sphingobacteriia	Sphingobacteriales	Sphingobacteriaceae	Pedobacter
1150674	GCA_000513855.1	Archaea	Thermoproteota	Thermoprotei	Desulfurococcales	Desulfurococcaceae	Desulfurococcus
1173684	GCA_000316285.1	Bacteria	Bacillota	Bacilli	Bacillales	Paenibacillaceae	Paenibacillus
1178541	GCA_003097715.1	Bacteria	Bacillota	Bacilli	Bacillales	Bacillaceae	Bacillus
1185654	GCA_000275605.1	Archaea	Euryarchaeota	Thermococci	Thermococcales	Thermococcaceae	Pyrococcus
1188249	GCA_003034985.1	Bacteria	Pseudomonadota	Alphaproteobacteria	Rhodobacterales	Paracoccaceae	Cereibacter
1207063	GCA_000299935.1	Bacteria	Pseudomonadota	Alphaproteobacteria	Rhodospirillales	Thalassobaculaceae	Oceanibaculum
1214066	GCA_000320505.2	Archaea	Euryarchaeota	Methanobacteria	Methanobacteriales	Methanobacteriaceae	Methanobrevibacter
1219032	GCF_006740045.1	Bacteria	Pseudomonadota	Betaproteobacteria	Burkholderiales	Comamonadaceae	Comamonas
1231190	GCA_000300515.1	Bacteria	Pseudomonadota	Alphaproteobacteria	Hyphomicrobiales	Phyllobacteriaceae	Nitratireductor
1263865	GCA_000495915.1	Bacteria	Pseudomonadota	Gammaproteobacteria	Pseudomonadales	Pseudomonadaceae	Stutzerimonas
1300346	GCA_001447995.1	Bacteria	Bacteroidota	Flavobacteriia	Flavobacteriales	Flavobacteriaceae	Maribacter
1300349	GCA_001677335.1	Bacteria	Pseudomonadota	Alphaproteobacteria	Sphingomonadales	Erythrobacteraceae	Erythrobacter
1315271	GCA_007991235.1	Bacteria	Pseudomonadota	Gammaproteobacteria	Alteromonadales	Pseudoalteromonadaceae	Pseudoalteromonas
1315275	GCA_014925285.1	Bacteria	Pseudomonadota	Gammaproteobacteria	Alteromonadales	Pseudoalteromonadaceae	Pseudoalteromonas
1315279	GCA_014918315.1	Bacteria	Pseudomonadota	Gammaproteobacteria	Alteromonadales	Pseudoalteromonadaceae	Pseudoalteromonas
1315280	GCA_014858745.1	Bacteria	Pseudomonadota	Gammaproteobacteria	Alteromonadales	Pseudoalteromonadaceae	Pseudoalteromonas
1315283	GCA_001465295.1	Bacteria	Pseudomonadota	Gammaproteobacteria	Alteromonadales	Pseudoalteromonadaceae	Pseudoalteromonas
1323731	GCF_019733275.1	Bacteria	Actinomycetota	Actinomycetes	Streptosporangiales	Nocardiopsaceae	Streptomonospora
1341155	GCA_000498515.1	Bacteria	Bacteroidota	Flavobacteriia	Flavobacteriales	Flavobacteriaceae	Flavobacterium
1348624	GCA_001591545.1	Bacteria	Bacillota	Bacilli	Bacillales	Bacillaceae	Lederbergia
1348634	GCA_001592125.1	Bacteria	Actinomycetota	Actinomycetes	Micrococcales	Microbacteriaceae	Microbacterium
1353536	GCA_000485795.1	Bacteria	Pseudomonadota	Gammaproteobacteria	Alteromonadales	Shewanellaceae	Shewanella
1358423	GCA_000722885.1	Bacteria	Bacteroidota	Sphingobacteriia	Sphingobacteriales	Sphingobacteriaceae	Pedobacter
1385518	GCA_000768675.1	Bacteria	Actinomycetota	Actinomycetes	Micrococcales	Intrasporangiaceae	Knoellia
1417673	GCA_000504565.2	Archaea	Euryarchaeota	Halobacteria	Halobacteriales	Haloarculaceae	Haloarcula
1434108	GCA_000970025.1	Archaea	Euryarchaeota	Methanomicrobia	Methanosarcinales	Methanosarcinaceae	Methanosarcina
1434114	GCA_000970225.1	Archaea	Euryarchaeota	Methanomicrobia	Methanosarcinales	Methanosarcinaceae	Methanosarcina
1434115	GCA_000970185.1	Archaea	Euryarchaeota	Methanomicrobia	Methanosarcinales	Methanosarcinaceae	Methanosarcina
1434117	GCA_000970165.1	Archaea	Euryarchaeota	Methanomicrobia	Methanosarcinales	Methanosarcinaceae	Methanosarcina
1450533	GCF_003184595.1	Eukaryota	Ascomycota	Eurotiomycetes	Eurotiales	Aspergillaceae	Aspergillus
1458253	GCA_002096675.1	Bacteria	Bacillota	Bacilli	Lactobacillales	Streptococcaceae	Streptococcus
1458253	GCA_002096695.1	Bacteria	Bacillota	Bacilli	Lactobacillales	Streptococcaceae	Streptococcus
1458253	GCA_002860885.1	Bacteria	Bacillota	Bacilli	Lactobacillales	Streptococcaceae	Streptococcus
1458253	GCA_003944205.1	Bacteria	Bacillota	Bacilli	Lactobacillales	Streptococcaceae	Streptococcus
1871047	GCA_003455905.1	Bacteria	Bacteroidota	Flavobacteriia	Flavobacteriales	Weeksellaceae	Chryseobacterium
1871047	GCA_003524725.1	Bacteria	Bacteroidota	Flavobacteriia	Flavobacteriales	Weeksellaceae	Chryseobacterium
1871047	GCA_003537025.1	Bacteria	Bacteroidota	Flavobacteriia	Flavobacteriales	Weeksellaceae	Chryseobacterium
1871047	GCA_011525415.1	Bacteria	Bacteroidota	Flavobacteriia	Flavobacteriales	Weeksellaceae	Chryseobacterium
1871086	GCA_003447065.1	Bacteria	Pseudomonadota	Alphaproteobacteria	Caulobacterales	Caulobacteraceae	Brevundimonas
1871086	GCA_003451235.1	Bacteria	Pseudomonadota	Alphaproteobacteria	Caulobacterales	Caulobacteraceae	Brevundimonas
1871086	GCA_003484285.1	Bacteria	Pseudomonadota	Alphaproteobacteria	Caulobacterales	Caulobacteraceae	Brevundimonas
1871086	GCA_012269935.1	Bacteria	Pseudomonadota	Alphaproteobacteria	Caulobacterales	Caulobacteraceae	Brevundimonas
1871086	GCA_016463795.1	Bacteria	Pseudomonadota	Alphaproteobacteria	Caulobacterales	Caulobacteraceae	Brevundimonas
1891233	GCA_018382355.1	Bacteria	Bacteroidota	Bacteroidia	Bacteroidales	Dysgonomonadaceae	Dysgonomonas
1962857	GCA_002878175.1	Bacteria	Campylobacterota	Desulfurellia	Desulfurellales	Desulfurellaceae	Desulfurella
2024855	GCA_002696915.1	Bacteria	Planctomycetota	Planctomycetia	Pirellulales	Pirellulaceae	Rhodopirellula
2026795	GCA_028866655.1	Archaea	Nitrososphaerota				
2026795	GCA_028866725.1	Archaea	Nitrososphaerota				
2026795	GCA_028866895.1	Archaea	Nitrososphaerota				
2026795	GCA_028867035.1	Archaea	Nitrososphaerota				
2026795	GCA_028867215.1	Archaea	Nitrososphaerota				
2026795	GCA_028867315.1	Archaea	Nitrososphaerota				
2026795	GCA_028867415.1	Archaea	Nitrososphaerota				
2026795	GCA_028867565.1	Archaea	Nitrososphaerota				
2026795	GCA_028867595.1	Archaea	Nitrososphaerota				
2026795	GCA_028867615.1	Archaea	Nitrososphaerota				
2026795	GCA_028867635.1	Archaea	Nitrososphaerota				
2026795	GCA_028867675.1	Archaea	Nitrososphaerota				
2026795	GCA_028867735.1	Archaea	Nitrososphaerota				
2026795	GCA_028867755.1	Archaea	Nitrososphaerota				
2026795	GCA_028867785.1	Archaea	Nitrososphaerota				
2026795	GCA_028867815.1	Archaea	Nitrososphaerota				
2026795	GCA_028867835.1	Archaea	Nitrososphaerota				
2613924	GCA_022782185.1	Bacteria	Bacillota	Clostridia	Eubacteriales	Clostridiaceae	Hungatella
2613924	GCA_022784085.1	Bacteria	Bacillota	Clostridia	Eubacteriales	Clostridiaceae	Hungatella
2675058	GCF_902729325.1	Bacteria	Bacteroidota	Flavobacteriia	Flavobacteriales	Weeksellaceae	Chryseobacterium
2885156	GCA_026636295.1	Eukaryota	Chlorophyta	Trebouxiophyceae			
